eventDate,paddockId,value,paddockSize
31/08/2013,851,1086,5.074070584
31/08/2013,940,1210,2.374920961
31/08/2013,945,970,7.274207882
31/08/2013,884,983,3.042695608
31/08/2013,893,1136,4.73814061
31/08/2013,877,910,2.508964169
31/08/2013,882,1057,4.026138175
31/08/2013,881,1074,3.308539222
31/08/2013,891,1000,3.058411991
31/08/2013,892,950,2.923051995
31/08/2013,920,1909,2.754501266
31/08/2013,853,1410,3.998670166
31/08/2013,904,1327,3.729966835
31/08/2013,855,1408,4.494255067
31/08/2013,912,1143,3.80418638
31/08/2013,921,1192,5.148090268
31/08/2013,923,1375,3.129891734
31/08/2013,932,1503,3.226488473
31/08/2013,931,1555,3.373327961
31/08/2013,935,1231,2.975802209
31/08/2013,936,1121,3.294614693
31/08/2013,903,1354,4.541210638
31/08/2013,863,1002,3.725488777
31/08/2013,862,1023,2.52104187
31/08/2013,852,1143,3.344493897
31/08/2013,919,1221,2.9301987
31/08/2013,868,2483,2.125117523
19/09/2013,884,1013,3.042695608
19/09/2013,893,1054,4.73814061
19/09/2013,877,943,2.508964169
19/09/2013,882,1154,4.026138175
19/09/2013,881,1189,3.308539222
19/09/2013,891,1021,3.058411991
19/09/2013,892,950,2.923051995
19/09/2013,863,981,3.725488777
19/09/2013,862,1073,2.52104187
1/10/2013,851,1582,5.074070584
1/10/2013,940,1313,2.374920961
1/10/2013,945,1032,7.274207882
1/10/2013,941,1312,8.838684959
1/10/2013,865,1400,2.24654384
1/10/2013,884,1200,3.042695608
1/10/2013,886,1344,5.030044973
1/10/2013,887,1296,5.679840426
1/10/2013,893,1359,4.73814061
1/10/2013,885,1159,3.667713163
1/10/2013,878,993,2.163398011
1/10/2013,879,959,2.710477511
1/10/2013,877,976,2.508964169
1/10/2013,882,1360,4.026138175
1/10/2013,881,1499,3.308539222
1/10/2013,880,1171,2.215764453
1/10/2013,888,1105,2.431555744
1/10/2013,891,1291,3.058411991
1/10/2013,892,1115,2.923051995
1/10/2013,896,1472,6.542587138
1/10/2013,907,1520,4.230977739
1/10/2013,920,3129,2.754501266
1/10/2013,897,1254,5.240167843
1/10/2013,853,1655,3.998670166
1/10/2013,904,1365,3.729966835
1/10/2013,915,1447,4.100257383
1/10/2013,921,1358,5.148090268
1/10/2013,923,1671,3.129891734
1/10/2013,933,1857,3.463323135
1/10/2013,932,2156,3.226488473
1/10/2013,931,1650,3.373327961
1/10/2013,934,1984,3.058029825
1/10/2013,935,2198,2.975802209
1/10/2013,936,1619,3.294614693
1/10/2013,937,1905,5.194722556
1/10/2013,938,1840,5.944417265
1/10/2013,939,1714,5.291838734
1/10/2013,903,1548,4.541210638
1/10/2013,925,1542,4.647761062
1/10/2013,926,1508,5.07119798
1/10/2013,863,1125,3.725488777
1/10/2013,862,1150,2.52104187
1/10/2013,852,1529,3.344493897
1/10/2013,889,1222,3.555629809
1/10/2013,890,1096,2.918525691
1/10/2013,919,1458,2.9301987
1/10/2013,868,2026,2.125117523
1/10/2013,944,1386,10.92204744
1/10/2013,922,1506,3.445599554
1/10/2013,928,1684,3.145816446
1/10/2013,929,1707,2.972386725
1/10/2013,930,2037,2.841997011
22/10/2013,865,1541,2.24654384
22/10/2013,884,1414,3.042695608
22/10/2013,886,1222,5.030044973
22/10/2013,887,1675,5.679840426
22/10/2013,893,1456,4.73814061
22/10/2013,885,1357,3.667713163
22/10/2013,879,1120,2.710477511
22/10/2013,877,1151,2.508964169
22/10/2013,888,1166,2.431555744
22/10/2013,891,1383,3.058411991
22/10/2013,892,1356,2.923051995
22/10/2013,907,1978,4.230977739
22/10/2013,920,2796,2.754501266
22/10/2013,913,2177,6.458700545
22/10/2013,931,1847,3.373327961
22/10/2013,935,2820,2.975802209
22/10/2013,936,1939,3.294614693
22/10/2013,863,1347,3.725488777
22/10/2013,862,1132,2.52104187
22/10/2013,889,1389,3.555629809
22/10/2013,890,1090,2.918525691
31/10/2013,851,2387,5.074070584
31/10/2013,940,1581,2.374920961
31/10/2013,945,1300,7.274207882
31/10/2013,941,1479,8.838684959
31/10/2013,865,1597,2.24654384
31/10/2013,884,1413,3.042695608
31/10/2013,886,1297,5.030044973
31/10/2013,887,1817,5.679840426
31/10/2013,893,1428,4.73814061
31/10/2013,885,1435,3.667713163
31/10/2013,878,985,2.163398011
31/10/2013,879,1059,2.710477511
31/10/2013,877,1137,2.508964169
31/10/2013,882,1857,4.026138175
31/10/2013,881,1745,3.308539222
31/10/2013,880,1319,2.215764453
31/10/2013,888,1164,2.431555744
31/10/2013,891,1612,3.058411991
31/10/2013,892,1484,2.923051995
31/10/2013,907,1619,4.230977739
31/10/2013,920,2440,2.754501266
31/10/2013,897,1716,5.240167843
31/10/2013,853,1606,3.998670166
31/10/2013,904,1347,3.729966835
31/10/2013,912,1250,3.80418638
31/10/2013,916,2557,2.469693385
31/10/2013,910,1436,3.483488476
31/10/2013,913,1755,6.458700545
31/10/2013,921,1575,5.148090268
31/10/2013,903,1627,4.541210638
31/10/2013,863,1396,3.725488777
31/10/2013,862,1189,2.52104187
31/10/2013,889,1502,3.555629809
31/10/2013,890,1336,2.918525691
31/10/2013,919,1577,2.9301987
31/10/2013,868,1833,2.125117523
29/11/2013,940,1977,2.374920961
29/11/2013,865,3877,2.24654384
29/11/2013,884,1855,3.042695608
29/11/2013,886,1454,5.030044973
29/11/2013,893,1703,4.73814061
29/11/2013,885,2871,3.667713163
29/11/2013,878,1497,2.163398011
29/11/2013,879,1762,2.710477511
29/11/2013,877,1533,2.508964169
29/11/2013,882,2472,4.026138175
29/11/2013,888,1428,2.431555744
29/11/2013,891,1815,3.058411991
29/11/2013,892,1595,2.923051995
29/11/2013,907,2500,4.230977739
29/11/2013,920,3975,2.754501266
29/11/2013,897,2202,5.240167843
29/11/2013,904,1829,3.729966835
29/11/2013,917,2161,2.292311486
29/11/2013,915,3362,4.100257383
29/11/2013,913,3280,6.458700545
29/11/2013,921,2741,5.148090268
29/11/2013,923,3014,3.129891734
29/11/2013,903,2875,4.541210638
29/11/2013,862,1586,2.52104187
29/11/2013,860,1766,7.023859853
31/12/2013,940,1724,2.374920961
31/12/2013,865,1936,2.24654384
31/12/2013,876,1683,5.326136969
31/12/2013,875,1345,2.297550985
31/12/2013,884,2395,3.042695608
31/12/2013,886,2241,5.030044973
31/12/2013,887,2480,5.679840426
31/12/2013,893,2094,4.73814061
31/12/2013,885,1914,3.667713163
31/12/2013,878,2356,2.163398011
31/12/2013,881,1459,3.308539222
31/12/2013,880,2330,2.215764453
31/12/2013,888,1865,2.431555744
31/12/2013,891,2223,3.058411991
31/12/2013,892,2006,2.923051995
31/12/2013,907,3772,4.230977739
31/12/2013,920,2387,2.754501266
31/12/2013,853,1942,3.998670166
31/12/2013,904,1841,3.729966835
31/12/2013,855,1930,4.494255067
31/12/2013,912,1508,3.80418638
31/12/2013,917,1917,2.292311486
31/12/2013,916,2515,2.469693385
31/12/2013,915,1576,4.100257383
31/12/2013,913,1681,6.458700545
31/12/2013,921,2102,5.148090268
31/12/2013,903,2303,4.541210638
31/01/2014,851,2131,5.074070584
31/01/2014,940,1888,2.374920961
31/01/2014,945,2055,7.274207882
31/01/2014,865,2289,2.24654384
31/01/2014,876,2208,5.326136969
31/01/2014,884,2222,3.042695608
31/01/2014,886,2331,5.030044973
31/01/2014,893,1858,4.73814061
31/01/2014,885,1650,3.667713163
31/01/2014,888,1786,2.431555744
31/01/2014,891,3320,3.058411991
31/01/2014,892,2391,2.923051995
31/01/2014,907,2867,4.230977739
31/01/2014,920,2368,2.754501266
31/01/2014,897,2694,5.240167843
31/01/2014,853,2307,3.998670166
31/01/2014,904,1477,3.729966835
31/01/2014,915,1442,4.100257383
31/01/2014,913,1622,6.458700545
31/01/2014,923,2073,3.129891734
31/01/2014,933,2113,3.463323135
31/01/2014,932,2386,3.226488473
31/01/2014,934,2496,3.058029825
31/01/2014,935,2248,2.975802209
31/01/2014,936,1943,3.294614693
31/01/2014,937,2328,5.194722556
31/01/2014,938,2720,5.944417265
31/01/2014,939,2768,5.291838734
31/01/2014,903,1798,4.541210638
31/01/2014,852,1740,3.344493897
31/01/2014,889,2506,3.555629809
31/01/2014,890,2600,2.918525691
31/01/2014,919,2471,2.9301987
31/01/2014,868,1809,2.125117523
31/01/2014,922,1493,3.445599554
31/01/2014,928,2413,3.145816446
31/01/2014,930,2272,2.841997011
25/02/2014,933,2300,3.463323135
25/02/2014,932,2443,3.226488473
25/02/2014,931,2011,3.373327961
25/02/2014,934,2069,3.058029825
25/02/2014,935,1905,2.975802209
25/02/2014,936,2016,3.294614693
25/02/2014,937,1783,5.194722556
25/02/2014,938,2046,5.944417265
25/02/2014,939,2256,5.291838734
25/02/2014,903,1817,4.541210638
25/02/2014,924,2115,2.124841665
25/02/2014,925,2300,4.647761062
25/02/2014,863,2554,3.725488777
25/02/2014,862,2736,2.52104187
25/02/2014,852,1943,3.344493897
25/02/2014,889,2996,3.555629809
25/02/2014,890,2821,2.918525691
25/02/2014,919,2087,2.9301987
25/02/2014,922,1587,3.445599554
25/02/2014,928,2138,3.145816446
25/02/2014,929,1940,2.972386725
25/02/2014,930,2225,2.841997011
25/02/2014,860,1942,7.023859853
25/02/2014,923,2094,3.129891734
25/02/2014,921,2170,5.148090268
25/02/2014,915,2182,4.100257383
25/02/2014,916,2895,2.469693385
25/02/2014,917,2448,2.292311486
25/02/2014,904,1646,3.729966835
25/02/2014,853,1794,3.998670166
25/02/2014,897,1880,5.240167843
25/02/2014,920,2846,2.754501266
25/02/2014,907,2163,4.230977739
25/02/2014,892,2580,2.923051995
25/02/2014,891,2625,3.058411991
25/02/2014,888,1963,2.431555744
25/02/2014,885,2342,3.667713163
25/02/2014,893,2239,4.73814061
25/02/2014,887,2698,5.679840426
25/02/2014,886,2764,5.030044973
25/02/2014,884,2450,3.042695608
25/02/2014,876,2720,5.326136969
25/02/2014,945,1680,7.274207882
25/02/2014,940,2070,2.374920961
25/02/2014,851,1904,5.074070584
31/03/2014,930,2123,2.841997011
31/03/2014,929,2117,2.972386725
31/03/2014,922,2421,3.445599554
31/03/2014,868,2034,2.125117523
31/03/2014,919,1972,2.9301987
31/03/2014,890,3116,2.918525691
31/03/2014,889,1985,3.555629809
31/03/2014,852,1776,3.344493897
31/03/2014,862,2365,2.52104187
31/03/2014,863,2671,3.725488777
31/03/2014,903,2021,4.541210638
31/03/2014,938,2645,5.944417265
31/03/2014,937,2474,5.194722556
31/03/2014,923,2232,3.129891734
31/03/2014,904,1906,3.729966835
31/03/2014,853,1835,3.998670166
31/03/2014,897,1721,5.240167843
31/03/2014,920,2710,2.754501266
31/03/2014,907,2147,4.230977739
31/03/2014,892,2728,2.923051995
31/03/2014,891,2739,3.058411991
31/03/2014,888,3689,2.431555744
31/03/2014,880,2232,2.215764453
31/03/2014,885,3017,3.667713163
31/03/2014,893,3012,4.73814061
31/03/2014,887,3213,5.679840426
31/03/2014,886,3639,5.030044973
31/03/2014,884,2663,3.042695608
31/03/2014,865,1733,2.24654384
31/03/2014,945,1788,7.274207882
31/03/2014,940,1793,2.374920961
31/03/2014,851,1943,5.074070584
16/04/2014,939,2300,5.291838734
16/04/2014,934,2250,3.058029825
16/04/2014,922,1600,3.445599554
16/04/2014,874,0,2.441244515
16/04/2014,874,1999,2.441244515
16/04/2014,874,600,2.441244515
30/04/2014,851,1356,5.074070584
30/04/2014,852,1435,3.344493897
30/04/2014,853,1515,3.998670166
30/04/2014,862,2535,2.52104187
30/04/2014,863,1927,3.725488777
30/04/2014,868,3375,2.125117523
30/04/2014,874,2067,2.441244515
30/04/2014,875,2226,2.297550985
30/04/2014,876,2125,5.326136969
30/04/2014,880,2455,2.215764453
30/04/2014,884,1849,3.042695608
30/04/2014,885,1755,3.667713163
30/04/2014,886,2595,5.030044973
30/04/2014,887,1533,5.679840426
30/04/2014,888,2186,2.431555744
30/04/2014,889,2310,3.555629809
30/04/2014,890,2302,2.918525691
30/04/2014,891,2063,3.058411991
30/04/2014,892,2073,2.923051995
30/04/2014,893,1900,4.73814061
30/04/2014,897,1591,5.240167843
30/04/2014,903,1966,4.541210638
30/04/2014,904,2645,3.729966835
30/04/2014,907,2121,4.230977739
30/04/2014,913,1942,6.458700545
30/04/2014,917,2150,2.292311486
30/04/2014,919,1660,2.9301987
30/04/2014,920,2231,2.754501266
30/04/2014,921,1770,5.148090268
30/04/2014,922,1646,3.445599554
30/04/2014,923,1482,3.129891734
30/04/2014,924,1798,2.124841665
30/04/2014,925,1881,4.647761062
30/04/2014,928,1652,3.145816446
30/04/2014,929,1712,2.972386725
30/04/2014,930,1843,2.841997011
30/04/2014,931,2280,3.373327961
30/04/2014,932,2003,3.226488473
30/04/2014,933,1865,3.463323135
30/04/2014,934,1673,3.058029825
30/04/2014,935,2003,2.975802209
30/04/2014,936,1927,3.294614693
30/04/2014,937,2079,5.194722556
30/04/2014,938,1940,5.944417265
30/04/2014,939,1972,5.291838734
30/04/2014,940,1640,2.374920961
30/04/2014,944,1729,10.92204744
30/04/2014,945,1423,7.274207882
30/05/2014,892,1699,2.923051995
30/06/2014,817,2400,0.836603187
3/07/2014,894,1387,8.903115776
3/07/2014,881,1353,3.308539222
3/07/2014,901,1232,5.43063771
3/07/2014,920,1652,2.754501266
3/07/2014,933,1482,3.463323135
3/07/2014,891,1299,3.058411991
3/07/2014,915,1181,4.100257383
3/07/2014,876,1566,5.326136969
3/07/2014,863,1385,3.725488777
3/07/2014,890,1454,2.918525691
3/07/2014,889,1350,3.555629809
3/07/2014,888,1408,2.431555744
3/07/2014,885,1293,3.667713163
3/07/2014,884,1409,3.042695608
3/07/2014,938,1539,5.944417265
3/07/2014,893,1132,4.73814061
3/07/2014,892,1379,2.923051995
3/07/2014,941,1218,8.838684959
3/07/2014,851,1201,5.074070584
3/07/2014,880,1280,2.215764453
3/07/2014,860,1357,7.023859853
5/08/2014,939,1492,5.291838734
5/08/2014,938,1521,5.944417265
5/08/2014,936,1656,3.294614693
5/08/2014,930,1352,2.841997011
5/08/2014,928,1538,3.145816446
5/08/2014,926,1206,5.07119798
5/08/2014,925,1369,4.647761062
5/08/2014,924,1581,2.124841665
5/08/2014,923,1171,3.129891734
5/08/2014,920,1778,2.754501266
5/08/2014,917,1253,2.292311486
5/08/2014,915,1188,4.100257383
5/08/2014,897,1409,5.240167843
5/08/2014,896,1314,6.542587138
5/08/2014,893,994,4.73814061
5/08/2014,892,1042,2.923051995
5/08/2014,891,1306,3.058411991
5/08/2014,890,1157,2.918525691
5/08/2014,889,1210,3.555629809
5/08/2014,888,1134,2.431555744
5/08/2014,887,1129,5.679840426
5/08/2014,886,1119,5.030044973
5/08/2014,885,1123,3.667713163
5/08/2014,884,1157,3.042695608
5/08/2014,881,1323,3.308539222
5/08/2014,880,1152,2.215764453
5/08/2014,878,1020,2.163398011
5/08/2014,876,1350,5.326136969
5/08/2014,875,1587,2.297550985
5/08/2014,874,1198,2.441244515
5/08/2014,868,2189,2.125117523
5/08/2014,865,1162,2.24654384
5/08/2014,863,1126,3.725488777
5/08/2014,862,1085,2.52104187
5/08/2014,860,1311,7.023859853
30/08/2014,851,1036,5.074070584
30/08/2014,852,1110,3.344493897
30/08/2014,853,1497,3.998670166
30/08/2014,855,1151,4.494255067
30/08/2014,860,1316,7.023859853
30/08/2014,862,950,2.52104187
30/08/2014,863,1061,3.725488777
30/08/2014,865,1076,2.24654384
30/08/2014,868,1691,2.125117523
30/08/2014,895,1187,3.120765478
30/08/2014,896,1365,6.542587138
30/08/2014,897,1333,5.240167843
30/08/2014,900,1204,8.22600469
30/08/2014,903,1178,4.541210638
30/08/2014,904,1438,3.729966835
30/08/2014,908,1325,6.507007785
30/08/2014,909,1160,3.398476422
30/08/2014,910,1137,3.483488476
30/08/2014,912,1331,3.80418638
30/08/2014,913,1082,6.458700545
30/08/2014,915,1128,4.100257383
30/08/2014,917,1253,2.292311486
30/08/2014,918,1187,1.3796371
30/08/2014,919,1268,2.9301987
30/08/2014,920,1641,2.754501266
30/08/2014,921,1154,5.148090268
30/08/2014,922,1447,3.445599554
30/08/2014,923,1373,3.129891734
30/08/2014,924,1236,2.124841665
30/08/2014,925,1272,4.647761062
30/08/2014,926,1173,5.07119798
30/08/2014,927,1374,6.982018381
30/08/2014,928,1458,3.145816446
30/08/2014,929,1414,2.972386725
30/08/2014,930,1361,2.841997011
30/08/2014,931,1479,3.373327961
30/08/2014,932,1431,3.226488473
30/08/2014,933,1323,3.463323135
30/08/2014,934,1414,3.058029825
30/08/2014,935,1364,2.975802209
30/08/2014,936,1414,3.294614693
30/08/2014,937,1376,5.194722556
30/08/2014,938,1544,5.944417265
30/08/2014,939,1335,5.291838734
30/08/2014,940,1165,2.374920961
30/08/2014,941,1386,8.838684959
30/08/2014,944,1066,10.92204744
30/08/2014,945,999,7.274207882
30/08/2014,873,1201,3.896162752
30/08/2014,874,1101,2.441244515
30/08/2014,875,1519,2.297550985
30/08/2014,876,1081,5.326136969
30/08/2014,878,955,2.163398011
30/08/2014,880,1098,2.215764453
30/08/2014,881,1165,3.308539222
30/08/2014,884,1042,3.042695608
30/08/2014,885,1001,3.667713163
30/08/2014,886,975,5.030044973
30/08/2014,887,1104,5.679840426
30/08/2014,888,1090,2.431555744
30/08/2014,889,1152,3.555629809
30/08/2014,890,1166,2.918525691
30/08/2014,891,1192,3.058411991
30/08/2014,892,964,2.923051995
30/08/2014,893,928,4.73814061
9/09/2014,937,1525,5.194722556
9/09/2014,933,1302,3.463323135
9/09/2014,915,1082,4.100257383
9/09/2014,913,1170,6.458700545
9/09/2014,912,1119,3.80418638
9/09/2014,891,1199,3.058411991
9/09/2014,888,1026,2.431555744
9/09/2014,887,1052,5.679840426
9/09/2014,884,1176,3.042695608
9/09/2014,881,1138,3.308539222
9/09/2014,874,1142,2.441244515
9/09/2014,865,1253,2.24654384
9/09/2014,863,1062,3.725488777
1/10/2014,945,1293,7.274207882
1/10/2014,944,1430,10.92204744
1/10/2014,941,1567,8.838684959
1/10/2014,940,1412,2.374920961
1/10/2014,939,1745,5.291838734
1/10/2014,938,1701,5.944417265
1/10/2014,937,1775,5.194722556
1/10/2014,936,1696,3.294614693
1/10/2014,935,1754,2.975802209
1/10/2014,934,1509,3.058029825
1/10/2014,933,1460,3.463323135
1/10/2014,932,1585,3.226488473
1/10/2014,931,1436,3.373327961
1/10/2014,930,1630,2.841997011
1/10/2014,929,1724,2.972386725
1/10/2014,928,1722,3.145816446
1/10/2014,927,1824,6.982018381
1/10/2014,926,1545,5.07119798
1/10/2014,925,1375,4.647761062
1/10/2014,924,1794,2.124841665
1/10/2014,923,1437,3.129891734
1/10/2014,922,1455,3.445599554
1/10/2014,921,1517,5.148090268
1/10/2014,920,1702,2.754501266
1/10/2014,919,1436,2.9301987
1/10/2014,918,1511,1.3796371
1/10/2014,917,1475,2.292311486
1/10/2014,916,1697,2.469693385
1/10/2014,915,1448,4.100257383
1/10/2014,913,1370,6.458700545
1/10/2014,912,1420,3.80418638
1/10/2014,910,1281,3.483488476
1/10/2014,909,1258,3.398476422
1/10/2014,908,1473,6.507007785
1/10/2014,907,1379,4.230977739
1/10/2014,904,1464,3.729966835
1/10/2014,903,1526,4.541210638
1/10/2014,902,1348,2.811245684
1/10/2014,901,1272,5.43063771
1/10/2014,900,1363,8.22600469
1/10/2014,898,1548,10.10182421
1/10/2014,897,1415,5.240167843
1/10/2014,896,1445,6.542587138
1/10/2014,895,1523,3.120765478
1/10/2014,894,1263,8.903115776
1/10/2014,893,1150,4.73814061
1/10/2014,892,1248,2.923051995
1/10/2014,891,1355,3.058411991
1/10/2014,890,1417,2.918525691
1/10/2014,889,1448,3.555629809
1/10/2014,888,1483,2.431555744
1/10/2014,887,1525,5.679840426
1/10/2014,886,1553,5.030044973
1/10/2014,885,1602,3.667713163
1/10/2014,884,1539,3.042695608
1/10/2014,883,1500,1.581501563
1/10/2014,881,1829,3.308539222
1/10/2014,880,1508,2.215764453
1/10/2014,878,1320,2.163398011
1/10/2014,876,1650,5.326136969
1/10/2014,875,3100,2.297550985
1/10/2014,874,1664,2.441244515
1/10/2014,873,1768,3.896162752
1/10/2014,868,1745,2.125117523
1/10/2014,863,1594,3.725488777
1/10/2014,862,1229,2.52104187
1/10/2014,860,1334,7.023859853
1/10/2014,856,1493,2.497542403
1/10/2014,855,1483,4.494255067
1/10/2014,853,1383,3.998670166
1/10/2014,852,1432,3.344493897
1/10/2014,851,1518,5.074070584
29/10/2014,931,1300,3.373327961
31/10/2014,893,1711,4.73814061
31/10/2014,885,2014,3.667713163
31/10/2014,878,1572,2.163398011
31/10/2014,881,2329,3.308539222
31/10/2014,880,2182,2.215764453
31/10/2014,888,2397,2.431555744
31/10/2014,891,1926,3.058411991
31/10/2014,892,1785,2.923051995
31/10/2014,894,1626,8.903115776
31/10/2014,908,1771,6.507007785
31/10/2014,895,1508,3.120765478
31/10/2014,896,1469,6.542587138
31/10/2014,907,1765,4.230977739
31/10/2014,920,2390,2.754501266
31/10/2014,901,1450,5.43063771
31/10/2014,902,1530,2.811245684
31/10/2014,900,1637,8.22600469
31/10/2014,897,1544,5.240167843
31/10/2014,898,1471,10.10182421
31/10/2014,853,1397,3.998670166
31/10/2014,904,1380,3.729966835
31/10/2014,856,1978,2.497542403
31/10/2014,855,1851,4.494255067
31/10/2014,912,1390,3.80418638
31/10/2014,918,2113,1.3796371
31/10/2014,917,1505,2.292311486
31/10/2014,916,2186,2.469693385
31/10/2014,915,2178,4.100257383
31/10/2014,909,1436,3.398476422
31/10/2014,910,1306,3.483488476
31/10/2014,851,1814,5.074070584
31/10/2014,874,1958,2.441244515
31/10/2014,940,1897,2.374920961
31/10/2014,945,1623,7.274207882
31/10/2014,941,1691,8.838684959
31/10/2014,865,1700,2.24654384
31/10/2014,876,1999,5.326136969
31/10/2014,875,2685,2.297550985
31/10/2014,884,1509,3.042695608
31/10/2014,886,2087,5.030044973
31/10/2014,887,2031,5.679840426
31/10/2014,913,1877,6.458700545
31/10/2014,921,2076,5.148090268
31/10/2014,923,1643,3.129891734
31/10/2014,933,1738,3.463323135
31/10/2014,932,2320,3.226488473
31/10/2014,931,1982,3.373327961
31/10/2014,934,1627,3.058029825
31/10/2014,935,2410,2.975802209
31/10/2014,936,2642,3.294614693
31/10/2014,937,1851,5.194722556
31/10/2014,938,2396,5.944417265
31/10/2014,939,2030,5.291838734
31/10/2014,903,1701,4.541210638
31/10/2014,924,2082,2.124841665
31/10/2014,925,2369,4.647761062
31/10/2014,926,1570,5.07119798
31/10/2014,927,2131,6.982018381
31/10/2014,883,1668,1.581501563
31/10/2014,873,1439,3.896162752
31/10/2014,863,2179,3.725488777
31/10/2014,862,1377,2.52104187
31/10/2014,852,2090,3.344493897
31/10/2014,889,2519,3.555629809
31/10/2014,890,2092,2.918525691
31/10/2014,919,1748,2.9301987
31/10/2014,868,2390,2.125117523
31/10/2014,944,1471,10.92204744
31/10/2014,922,1872,3.445599554
31/10/2014,928,2002,3.145816446
31/10/2014,929,1992,2.972386725
31/10/2014,930,1865,2.841997011
31/10/2014,860,2489,7.023859853
26/11/2014,874,2309,2.441244515
26/11/2014,875,3000,2.297550985
26/11/2014,876,2444,5.326136969
26/11/2014,878,2071,2.163398011
26/11/2014,883,1647,1.581501563
26/11/2014,884,1997,3.042695608
26/11/2014,885,2024,3.667713163
26/11/2014,886,2495,5.030044973
26/11/2014,888,2085,2.431555744
26/11/2014,889,2364,3.555629809
26/11/2014,890,1907,2.918525691
26/11/2014,891,1995,3.058411991
26/11/2014,892,2338,2.923051995
26/11/2014,893,2057,4.73814061
26/11/2014,897,1913,5.240167843
26/11/2014,904,1618,3.729966835
26/11/2014,907,1766,4.230977739
26/11/2014,909,1596,3.398476422
26/11/2014,910,1570,3.483488476
26/11/2014,912,1524,3.80418638
26/11/2014,913,2784,6.458700545
26/11/2014,916,1754,2.469693385
26/11/2014,917,1733,2.292311486
26/11/2014,918,2239,1.3796371
26/11/2014,919,2055,2.9301987
26/11/2014,921,2147,5.148090268
26/11/2014,853,1680,3.998670166
26/11/2014,855,1878,4.494255067
26/11/2014,862,1673,2.52104187
26/11/2014,863,2100,3.725488777
31/12/2014,856,3665,2.497542403
31/12/2014,855,2454,4.494255067
31/12/2014,862,1721,2.52104187
31/12/2014,863,3682,3.725488777
31/12/2014,920,2632,2.754501266
31/12/2014,921,2119,5.148090268
31/12/2014,923,1898,3.129891734
31/12/2014,912,1744,3.80418638
31/12/2014,913,3900,6.458700545
31/12/2014,915,4176,4.100257383
31/12/2014,916,2267,2.469693385
31/12/2014,903,1906,4.541210638
31/12/2014,888,2447,2.431555744
31/12/2014,889,2242,3.555629809
31/12/2014,890,2262,2.918525691
31/12/2014,891,2245,3.058411991
31/12/2014,892,3508,2.923051995
31/12/2014,893,2288,4.73814061
31/12/2014,883,1689,1.581501563
31/12/2014,884,1934,3.042695608
31/12/2014,885,2537,3.667713163
31/12/2014,886,2600,5.030044973
31/12/2014,875,2258,2.297550985
31/12/2014,876,2929,5.326136969
31/12/2014,878,2358,2.163398011
31/12/2014,881,3577,3.308539222
31/12/2014,865,2100,2.24654384
31/12/2014,868,2392,2.125117523
31/12/2014,874,2774,2.441244515
31/12/2014,909,1549,3.398476422
31/12/2014,910,1692,3.483488476
31/12/2014,880,3928,2.215764453
31/12/2014,860,3536,7.023859853
31/12/2014,854,3665,0.75227456
1/02/2015,874,2842,2.441244515
1/02/2015,940,2282,2.374920961
1/02/2015,941,2097,8.838684959
1/02/2015,865,2490,2.24654384
1/02/2015,876,2600,5.326136969
1/02/2015,875,2105,2.297550985
1/02/2015,884,1945,3.042695608
1/02/2015,886,2563,5.030044973
1/02/2015,887,2439,5.679840426
1/02/2015,893,2086,4.73814061
1/02/2015,885,1668,3.667713163
1/02/2015,878,2231,2.163398011
1/02/2015,879,1724,2.710477511
1/02/2015,877,1715,2.508964169
1/02/2015,882,1908,4.026138175
1/02/2015,872,1805,1.107588235
1/02/2015,881,2112,3.308539222
1/02/2015,880,2243,2.215764453
1/02/2015,888,2131,2.431555744
1/02/2015,891,2042,3.058411991
1/02/2015,892,2149,2.923051995
1/02/2015,920,2006,2.754501266
1/02/2015,900,1734,8.22600469
1/02/2015,897,2359,5.240167843
1/02/2015,853,2523,3.998670166
1/02/2015,904,2112,3.729966835
1/02/2015,856,2265,2.497542403
1/02/2015,855,2082,4.494255067
1/02/2015,916,2188,2.469693385
1/02/2015,915,1682,4.100257383
1/02/2015,910,1400,3.483488476
1/02/2015,913,1893,6.458700545
1/02/2015,921,2615,5.148090268
1/02/2015,923,2234,3.129891734
1/02/2015,933,1916,3.463323135
1/02/2015,932,2182,3.226488473
1/02/2015,931,2494,3.373327961
1/02/2015,935,2124,2.975802209
1/02/2015,936,2812,3.294614693
1/02/2015,937,1806,5.194722556
1/02/2015,938,2233,5.944417265
1/02/2015,939,2380,5.291838734
1/02/2015,903,1810,4.541210638
1/02/2015,924,1757,2.124841665
1/02/2015,925,2840,4.647761062
1/02/2015,926,2132,5.07119798
1/02/2015,863,1908,3.725488777
1/02/2015,862,2063,2.52104187
1/02/2015,852,2226,3.344493897
1/02/2015,889,2028,3.555629809
1/02/2015,890,2293,2.918525691
1/02/2015,868,2000,2.125117523
1/02/2015,944,1605,10.92204744
1/02/2015,928,2161,3.145816446
1/02/2015,929,2075,2.972386725
1/02/2015,930,2048,2.841997011
1/02/2015,860,2377,7.023859853
27/02/2015,860,2240,7.023859853
27/02/2015,930,2810,2.841997011
27/02/2015,929,2212,2.972386725
27/02/2015,928,2042,3.145816446
27/02/2015,944,1700,10.92204744
27/02/2015,868,2112,2.125117523
27/02/2015,919,2060,2.9301987
27/02/2015,890,2882,2.918525691
27/02/2015,889,2364,3.555629809
27/02/2015,852,2244,3.344493897
27/02/2015,862,2001,2.52104187
27/02/2015,863,2486,3.725488777
27/02/2015,883,2268,1.581501563
27/02/2015,926,1749,5.07119798
27/02/2015,925,2424,4.647761062
27/02/2015,924,3042,2.124841665
27/02/2015,903,1712,4.541210638
27/02/2015,939,2047,5.291838734
27/02/2015,938,2683,5.944417265
27/02/2015,937,1856,5.194722556
27/02/2015,936,2314,3.294614693
27/02/2015,935,2441,2.975802209
27/02/2015,931,2172,3.373327961
27/02/2015,932,2366,3.226488473
27/02/2015,933,2367,3.463323135
27/02/2015,923,2256,3.129891734
27/02/2015,921,2103,5.148090268
27/02/2015,913,2702,6.458700545
27/02/2015,910,1341,3.483488476
27/02/2015,909,1395,3.398476422
27/02/2015,915,1828,4.100257383
27/02/2015,916,2314,2.469693385
27/02/2015,855,1818,4.494255067
27/02/2015,856,2178,2.497542403
27/02/2015,904,1940,3.729966835
27/02/2015,853,1863,3.998670166
27/02/2015,897,1350,5.240167843
27/02/2015,900,1868,8.22600469
27/02/2015,902,2184,2.811245684
27/02/2015,901,2072,5.43063771
27/02/2015,920,2211,2.754501266
27/02/2015,907,1902,4.230977739
27/02/2015,896,2132,6.542587138
27/02/2015,895,1883,3.120765478
27/02/2015,908,2015,6.507007785
27/02/2015,892,2253,2.923051995
27/02/2015,891,2430,3.058411991
27/02/2015,888,2093,2.431555744
27/02/2015,880,1893,2.215764453
27/02/2015,881,2485,3.308539222
27/02/2015,872,2340,1.107588235
27/02/2015,882,2327,4.026138175
27/02/2015,877,1535,2.508964169
27/02/2015,879,3159,2.710477511
27/02/2015,878,2323,2.163398011
27/02/2015,885,2821,3.667713163
27/02/2015,893,2341,4.73814061
27/02/2015,887,2529,5.679840426
27/02/2015,886,2557,5.030044973
27/02/2015,884,2645,3.042695608
27/02/2015,875,2105,2.297550985
27/02/2015,876,2363,5.326136969
27/02/2015,865,2096,2.24654384
27/02/2015,941,1628,8.838684959
27/02/2015,945,2056,7.274207882
27/02/2015,940,1664,2.374920961
27/02/2015,874,2706,2.441244515
31/03/2015,919,2026,2.9301987
31/03/2015,907,2197,4.230977739
31/03/2015,901,1672,5.43063771
31/03/2015,860,2264,7.023859853
31/03/2015,896,1969,6.542587138
31/03/2015,874,2646,2.441244515
31/03/2015,940,2166,2.374920961
31/03/2015,945,2113,7.274207882
31/03/2015,941,1933,8.838684959
31/03/2015,865,2272,2.24654384
31/03/2015,876,1816,5.326136969
31/03/2015,875,2843,2.297550985
31/03/2015,884,2965,3.042695608
31/03/2015,886,2505,5.030044973
31/03/2015,887,2230,5.679840426
31/03/2015,893,2840,4.73814061
31/03/2015,885,3321,3.667713163
31/03/2015,878,2117,2.163398011
31/03/2015,879,2235,2.710477511
31/03/2015,877,2169,2.508964169
31/03/2015,882,2196,4.026138175
31/03/2015,872,2452,1.107588235
31/03/2015,881,2342,3.308539222
31/03/2015,880,3293,2.215764453
31/03/2015,888,1840,2.431555744
31/03/2015,891,2309,3.058411991
31/03/2015,892,2957,2.923051995
31/03/2015,894,1653,8.903115776
31/03/2015,908,1800,6.507007785
31/03/2015,895,1668,3.120765478
31/03/2015,920,2287,2.754501266
31/03/2015,902,1889,2.811245684
31/03/2015,900,1889,8.22600469
31/03/2015,897,1674,5.240167843
31/03/2015,898,2330,10.10182421
31/03/2015,853,1896,3.998670166
31/03/2015,904,1711,3.729966835
31/03/2015,856,2470,2.497542403
31/03/2015,855,1745,4.494255067
31/03/2015,916,1983,2.469693385
31/03/2015,915,1906,4.100257383
31/03/2015,909,1606,3.398476422
31/03/2015,910,1780,3.483488476
31/03/2015,913,2573,6.458700545
31/03/2015,921,2406,5.148090268
31/03/2015,923,1931,3.129891734
31/03/2015,933,2081,3.463323135
31/03/2015,932,1986,3.226488473
31/03/2015,931,2134,3.373327961
31/03/2015,934,1752,3.058029825
31/03/2015,935,2299,2.975802209
31/03/2015,936,2695,3.294614693
31/03/2015,937,1846,5.194722556
31/03/2015,938,2350,5.944417265
31/03/2015,939,2208,5.291838734
31/03/2015,903,1906,4.541210638
31/03/2015,924,2470,2.124841665
31/03/2015,925,2631,4.647761062
31/03/2015,926,1919,5.07119798
31/03/2015,927,2004,6.982018381
31/03/2015,883,2521,1.581501563
31/03/2015,873,2928,3.896162752
31/03/2015,863,2344,3.725488777
31/03/2015,862,2563,2.52104187
31/03/2015,852,1925,3.344493897
31/03/2015,889,2247,3.555629809
31/03/2015,890,2079,2.918525691
31/03/2015,868,2603,2.125117523
31/03/2015,944,2113,10.92204744
31/03/2015,922,1404,3.445599554
31/03/2015,928,2047,3.145816446
31/03/2015,929,2390,2.972386725
31/03/2015,930,1901,2.841997011
30/04/2015,882,1898,4.026138175
30/04/2015,915,1756,4.100257383
30/04/2015,909,1578,3.398476422
30/04/2015,910,1622,3.483488476
30/04/2015,913,2210,6.458700545
30/04/2015,921,1689,5.148090268
30/04/2015,923,1971,3.129891734
30/04/2015,933,1771,3.463323135
30/04/2015,932,1798,3.226488473
30/04/2015,931,1895,3.373327961
30/04/2015,934,1868,3.058029825
30/04/2015,935,1701,2.975802209
30/04/2015,936,2028,3.294614693
30/04/2015,937,1866,5.194722556
30/04/2015,938,1896,5.944417265
30/04/2015,939,2029,5.291838734
30/04/2015,903,1455,4.541210638
30/04/2015,924,2045,2.124841665
30/04/2015,925,1700,4.647761062
30/04/2015,926,2145,5.07119798
30/04/2015,927,1779,6.982018381
30/04/2015,883,2831,1.581501563
30/04/2015,873,1799,3.896162752
30/04/2015,863,1929,3.725488777
30/04/2015,862,1471,2.52104187
30/04/2015,852,1938,3.344493897
30/04/2015,889,1752,3.555629809
30/04/2015,890,1677,2.918525691
30/04/2015,919,3091,2.9301987
30/04/2015,868,3174,2.125117523
30/04/2015,944,1579,10.92204744
30/04/2015,922,2025,3.445599554
30/04/2015,928,1768,3.145816446
30/04/2015,877,1817,2.508964169
30/04/2015,879,2261,2.710477511
30/04/2015,878,1972,2.163398011
30/04/2015,885,2480,3.667713163
30/04/2015,893,2480,4.73814061
30/04/2015,887,1673,5.679840426
30/04/2015,886,2439,5.030044973
30/04/2015,884,2820,3.042695608
30/04/2015,875,2074,2.297550985
30/04/2015,876,1603,5.326136969
30/04/2015,865,2412,2.24654384
30/04/2015,941,1571,8.838684959
30/04/2015,945,1936,7.274207882
30/04/2015,940,1901,2.374920961
30/04/2015,874,2246,2.441244515
30/04/2015,881,1897,3.308539222
30/04/2015,880,1790,2.215764453
30/04/2015,888,1671,2.431555744
30/04/2015,891,1919,3.058411991
30/04/2015,892,2163,2.923051995
30/04/2015,894,1446,8.903115776
30/04/2015,908,1871,6.507007785
30/04/2015,895,1821,3.120765478
30/04/2015,896,1560,6.542587138
30/04/2015,907,2743,4.230977739
30/04/2015,920,2969,2.754501266
30/04/2015,901,1581,5.43063771
30/04/2015,902,2103,2.811245684
30/04/2015,900,1382,8.22600469
30/04/2015,897,1548,5.240167843
30/04/2015,898,1826,10.10182421
30/04/2015,853,1569,3.998670166
30/04/2015,904,1455,3.729966835
30/04/2015,856,2012,2.497542403
30/04/2015,855,1640,4.494255067
30/04/2015,916,1743,2.469693385
30/04/2015,929,2108,2.972386725
30/04/2015,930,2062,2.841997011
30/04/2015,860,2978,7.023859853
31/05/2015,897,1292,5.240167843
31/05/2015,863,1590,3.725488777
31/05/2015,862,1645,2.52104187
31/05/2015,852,2082,3.344493897
31/05/2015,889,1372,3.555629809
31/05/2015,890,1252,2.918525691
31/05/2015,919,202,2.9301987
31/05/2015,868,1302,2.125117523
31/05/2015,905,2204,4.382879075
31/05/2015,944,1182,10.92204744
31/05/2015,922,1603,3.445599554
31/05/2015,928,1479,3.145816446
31/05/2015,929,1611,2.972386725
31/05/2015,930,1477,2.841997011
31/05/2015,860,2728,7.023859853
31/05/2015,898,1733,10.10182421
31/05/2015,853,1379,3.998670166
31/05/2015,904,1207,3.729966835
31/05/2015,856,1516,2.497542403
31/05/2015,855,1153,4.494255067
31/05/2015,912,1743,3.80418638
31/05/2015,916,1244,2.469693385
31/05/2015,915,1432,4.100257383
31/05/2015,909,1234,3.398476422
31/05/2015,910,1238,3.483488476
31/05/2015,913,1683,6.458700545
31/05/2015,921,1583,5.148090268
31/05/2015,923,1444,3.129891734
31/05/2015,933,1419,3.463323135
31/05/2015,932,1776,3.226488473
31/05/2015,931,1672,3.373327961
31/05/2015,934,1837,3.058029825
31/05/2015,935,1893,2.975802209
31/05/2015,936,1355,3.294614693
31/05/2015,937,1152,5.194722556
31/05/2015,938,1587,5.944417265
31/05/2015,939,1739,5.291838734
31/05/2015,903,1329,4.541210638
31/05/2015,924,2273,2.124841665
31/05/2015,925,1529,4.647761062
31/05/2015,878,1429,2.163398011
31/05/2015,879,1640,2.710477511
31/05/2015,877,1233,2.508964169
31/05/2015,882,1425,4.026138175
31/05/2015,872,2037,1.107588235
31/05/2015,881,1355,3.308539222
31/05/2015,888,1202,2.431555744
31/05/2015,891,1267,3.058411991
31/05/2015,892,1364,2.923051995
31/05/2015,894,1198,8.903115776
31/05/2015,908,1479,6.507007785
31/05/2015,895,1315,3.120765478
31/05/2015,896,1080,6.542587138
31/05/2015,907,1566,4.230977739
31/05/2015,920,1153,2.754501266
31/05/2015,901,1394,5.43063771
31/05/2015,902,1452,2.811245684
31/05/2015,900,1442,8.22600469
31/05/2015,880,1653,2.215764453
31/05/2015,874,1110,2.441244515
31/05/2015,940,1444,2.374920961
31/05/2015,945,1627,7.274207882
31/05/2015,941,1345,8.838684959
31/05/2015,865,1793,2.24654384
31/05/2015,876,1323,5.326136969
31/05/2015,875,1399,2.297550985
31/05/2015,884,1583,3.042695608
31/05/2015,886,1427,5.030044973
31/05/2015,887,1343,5.679840426
31/05/2015,893,1568,4.73814061
31/05/2015,885,1910,3.667713163
31/05/2015,926,1973,5.07119798
31/05/2015,927,1690,6.982018381
31/05/2015,883,1422,1.581501563
31/05/2015,873,1282,3.896162752
16/06/2015,882,1569,4.026138175
16/06/2015,865,1834,2.24654384
16/06/2015,875,1427,2.297550985
16/06/2015,884,1146,3.042695608
16/06/2015,886,1357,5.030044973
16/06/2015,887,1476,5.679840426
16/06/2015,893,1429,4.73814061
16/06/2015,885,1684,3.667713163
16/06/2015,878,1320,2.163398011
16/06/2015,879,1572,2.710477511
16/06/2015,877,1280,2.508964169
16/06/2015,872,1769,1.107588235
16/06/2015,881,1323,3.308539222
16/06/2015,880,1267,2.215764453
16/06/2015,888,1188,2.431555744
16/06/2015,891,1250,3.058411991
16/06/2015,892,1421,2.923051995
16/06/2015,894,1315,8.903115776
16/06/2015,883,1256,1.581501563
16/06/2015,863,1594,3.725488777
16/06/2015,862,1591,2.52104187
16/06/2015,889,1292,3.555629809
16/06/2015,890,1284,2.918525691
16/06/2015,874,1439,2.441244515
16/06/2015,876,1394,5.326136969
16/06/2015,882,1569,4.026138175
16/06/2015,865,1834,2.24654384
16/06/2015,875,1427,2.297550985
16/06/2015,884,1146,3.042695608
16/06/2015,886,1357,5.030044973
16/06/2015,887,1476,5.679840426
16/06/2015,893,1429,4.73814061
16/06/2015,885,1684,3.667713163
16/06/2015,878,1320,2.163398011
16/06/2015,879,1572,2.710477511
16/06/2015,877,1280,2.508964169
16/06/2015,872,1769,1.107588235
16/06/2015,881,1323,3.308539222
16/06/2015,880,1267,2.215764453
16/06/2015,888,1188,2.431555744
16/06/2015,891,1250,3.058411991
16/06/2015,892,1421,2.923051995
16/06/2015,894,1315,8.903115776
16/06/2015,883,1256,1.581501563
16/06/2015,863,1594,3.725488777
16/06/2015,862,1591,2.52104187
16/06/2015,889,1292,3.555629809
16/06/2015,890,1284,2.918525691
1/07/2015,900,1038,8.22600469
1/07/2015,887,1192,5.679840426
1/07/2015,888,945,2.431555744
1/07/2015,889,993,3.555629809
1/07/2015,890,936,2.918525691
1/07/2015,891,924,3.058411991
1/07/2015,892,818,2.923051995
1/07/2015,881,1102,3.308539222
1/07/2015,882,1212,4.026138175
1/07/2015,883,1020,1.581501563
1/07/2015,884,978,3.042695608
1/07/2015,885,1355,3.667713163
1/07/2015,886,907,5.030044973
1/07/2015,874,1092,2.441244515
1/07/2015,875,1028,2.297550985
1/07/2015,876,1121,5.326136969
1/07/2015,877,1139,2.508964169
1/07/2015,878,1095,2.163398011
1/07/2015,879,1106,2.710477511
1/07/2015,863,1218,3.725488777
1/07/2015,865,1144,2.24654384
1/07/2015,868,1817,2.125117523
1/07/2015,872,1339,1.107588235
1/07/2015,873,1113,3.896162752
1/07/2015,910,1175,3.483488476
1/07/2015,924,2273,2.124841665
1/07/2015,880,1104,2.215764453
1/07/2015,898,1733,10.10182421
1/07/2015,909,1234,3.398476422
1/07/2015,860,1361,7.023859853
1/07/2015,856,970,2.497542403
1/07/2015,852,1414,3.344493897
1/07/2015,853,1420,3.998670166
1/07/2015,855,1322,4.494255067
1/07/2015,862,1176,2.52104187
1/07/2015,945,1439,7.274207882
1/07/2015,937,1221,5.194722556
1/07/2015,938,1470,5.944417265
1/07/2015,939,1282,5.291838734
1/07/2015,940,1036,2.374920961
1/07/2015,941,1557,8.838684959
1/07/2015,944,1604,10.92204744
1/07/2015,931,1399,3.373327961
1/07/2015,932,1580,3.226488473
1/07/2015,933,1469,3.463323135
1/07/2015,934,1616,3.058029825
1/07/2015,935,1257,2.975802209
1/07/2015,936,1170,3.294614693
1/07/2015,925,1529,4.647761062
1/07/2015,926,1973,5.07119798
1/07/2015,927,1690,6.982018381
1/07/2015,928,1355,3.145816446
1/07/2015,929,1482,2.972386725
1/07/2015,930,1350,2.841997011
1/07/2015,919,1890,2.9301987
1/07/2015,920,1321,2.754501266
1/07/2015,921,1346,5.148090268
1/07/2015,922,1762,3.445599554
1/07/2015,923,1324,3.129891734
1/07/2015,908,1479,6.507007785
1/07/2015,913,1379,6.458700545
1/07/2015,915,1196,4.100257383
1/07/2015,916,1210,2.469693385
1/07/2015,901,1348,5.43063771
1/07/2015,902,1402,2.811245684
1/07/2015,903,1039,4.541210638
1/07/2015,904,1250,3.729966835
1/07/2015,905,2204,4.382879075
1/07/2015,907,1660,4.230977739
1/07/2015,893,1272,4.73814061
1/07/2015,894,1012,8.903115776
1/07/2015,895,1145,3.120765478
1/07/2015,896,1215,6.542587138
1/07/2015,897,1179,5.240167843
30/07/2015,860,1047,7.023859853
30/07/2015,856,1061,2.497542403
30/07/2015,880,1109,2.215764453
30/07/2015,898,1733,10.10182421
30/07/2015,909,687,3.398476422
30/07/2015,910,1072,3.483488476
30/07/2015,924,1212,2.124841665
30/07/2015,852,1464,3.344493897
30/07/2015,940,1288,2.374920961
30/07/2015,944,1400,10.92204744
30/07/2015,945,1392,7.274207882
30/07/2015,926,1239,5.07119798
30/07/2015,913,1227,6.458700545
30/07/2015,887,1121,5.679840426
30/07/2015,888,937,2.431555744
30/07/2015,889,855,3.555629809
30/07/2015,890,939,2.918525691
30/07/2015,892,989,2.923051995
30/07/2015,878,1085,2.163398011
30/07/2015,883,1042,1.581501563
30/07/2015,884,1180,3.042695608
30/07/2015,885,1199,3.667713163
30/07/2015,874,1058,2.441244515
30/07/2015,876,1149,5.326136969
30/07/2015,863,1050,3.725488777
30/07/2015,915,1038,4.100257383
30/07/2015,891,1031,3.058411991
30/07/2015,873,1256,3.896162752
30/07/2015,908,1479,6.507007785
30/07/2015,895,1059,3.120765478
30/07/2015,921,1062,5.148090268
30/07/2015,930,1181,2.841997011
30/07/2015,923,1324,3.129891734
30/07/2015,920,1436,2.754501266
30/07/2015,868,1505,2.125117523
30/07/2015,865,1217,2.24654384
30/07/2015,900,1126,8.22600469
30/07/2015,901,1150,5.43063771
30/07/2015,902,1192,2.811245684
30/07/2015,903,982,4.541210638
30/07/2015,904,1214,3.729966835
30/07/2015,896,1105,6.542587138
30/07/2015,897,1146,5.240167843
30/07/2015,853,1058,3.998670166
30/07/2015,855,1040,4.494255067
30/07/2015,939,1142,5.291838734
30/07/2015,881,983,3.308539222
30/07/2015,907,1434,4.230977739
30/07/2015,919,1301,2.9301987
30/07/2015,894,1127,8.903115776
30/07/2015,927,1442,6.982018381
30/07/2015,916,910,2.469693385
30/07/2015,875,574,2.297550985
30/07/2015,934,1462,3.058029825
30/07/2015,922,1398,3.445599554
30/07/2015,893,1215,4.73814061
30/07/2015,882,1162,4.026138175
30/07/2015,879,968,2.710477511
30/07/2015,886,1055,5.030044973
30/07/2015,877,910,2.508964169
30/07/2015,872,1070,1.107588235
30/07/2015,862,1209,2.52104187
17/08/2015,874,973,2.441244515
17/08/2015,876,995,5.326136969
17/08/2015,875,966,2.297550985
17/08/2015,884,950,3.042695608
17/08/2015,886,902,5.030044973
17/08/2015,893,1081,4.73814061
17/08/2015,885,1058,3.667713163
17/08/2015,878,881,2.163398011
17/08/2015,879,973,2.710477511
17/08/2015,877,910,2.508964169
17/08/2015,882,1086,4.026138175
17/08/2015,881,869,3.308539222
17/08/2015,880,964,2.215764453
17/08/2015,888,954,2.431555744
17/08/2015,891,931,3.058411991
17/08/2015,892,935,2.923051995
17/08/2015,883,1072,1.581501563
17/08/2015,863,814,3.725488777
17/08/2015,862,961,2.52104187
17/08/2015,889,960,3.555629809
17/08/2015,890,939,2.918525691
1/09/2015,874,961,2.441244515
1/09/2015,940,1193,2.374920961
1/09/2015,945,1306,7.274207882
1/09/2015,941,1353,8.838684959
1/09/2015,865,1190,2.24654384
1/09/2015,876,919,5.326136969
1/09/2015,875,943,2.297550985
1/09/2015,884,949,3.042695608
1/09/2015,886,941,5.030044973
1/09/2015,887,1328,5.679840426
1/09/2015,893,984,4.73814061
1/09/2015,885,979,3.667713163
1/09/2015,878,884,2.163398011
1/09/2015,879,938,2.710477511
1/09/2015,877,841,2.508964169
1/09/2015,882,1149,4.026138175
1/09/2015,872,1224,1.107588235
1/09/2015,881,834,3.308539222
1/09/2015,880,945,2.215764453
1/09/2015,888,900,2.431555744
1/09/2015,891,867,3.058411991
1/09/2015,892,917,2.923051995
1/09/2015,894,1089,8.903115776
1/09/2015,895,1205,3.120765478
1/09/2015,896,1168,6.542587138
1/09/2015,907,1178,4.230977739
1/09/2015,920,1372,2.754501266
1/09/2015,901,1118,5.43063771
1/09/2015,902,1106,2.811245684
1/09/2015,900,1091,8.22600469
1/09/2015,897,1264,5.240167843
1/09/2015,853,1431,3.998670166
1/09/2015,904,1018,3.729966835
1/09/2015,856,1095,2.497542403
1/09/2015,855,1093,4.494255067
1/09/2015,916,1097,2.469693385
1/09/2015,915,1026,4.100257383
1/09/2015,913,1192,6.458700545
1/09/2015,921,1101,5.148090268
1/09/2015,933,1315,3.463323135
1/09/2015,931,1146,3.373327961
1/09/2015,934,1388,3.058029825
1/09/2015,936,1231,3.294614693
1/09/2015,938,1323,5.944417265
1/09/2015,903,972,4.541210638
1/09/2015,883,882,1.581501563
1/09/2015,873,1374,3.896162752
1/09/2015,863,923,3.725488777
1/09/2015,862,971,2.52104187
1/09/2015,852,1209,3.344493897
1/09/2015,889,859,3.555629809
1/09/2015,890,861,2.918525691
1/09/2015,919,1125,2.9301987
1/09/2015,868,1574,2.125117523
1/09/2015,944,1325,10.92204744
1/09/2015,922,1483,3.445599554
1/09/2015,929,1392,2.972386725
1/09/2015,860,1066,7.023859853
15/09/2015,876,980,5.326136969
15/09/2015,875,1081,2.297550985
15/09/2015,884,1071,3.042695608
15/09/2015,886,1118,5.030044973
15/09/2015,893,1029,4.73814061
15/09/2015,885,1103,3.667713163
15/09/2015,878,949,2.163398011
15/09/2015,877,962,2.508964169
15/09/2015,881,1187,3.308539222
15/09/2015,880,1054,2.215764453
15/09/2015,888,974,2.431555744
15/09/2015,891,1013,3.058411991
15/09/2015,892,1039,2.923051995
15/09/2015,894,1166,8.903115776
15/09/2015,883,1027,1.581501563
15/09/2015,863,1045,3.725488777
15/09/2015,862,1119,2.52104187
15/09/2015,889,997,3.555629809
15/09/2015,890,958,2.918525691
30/09/2015,860,994,7.023859853
30/09/2015,856,1338,2.497542403
30/09/2015,898,1108,10.10182421
30/09/2015,909,980,3.398476422
30/09/2015,910,975,3.483488476
30/09/2015,924,1794,2.124841665
30/09/2015,926,1106,5.07119798
30/09/2015,940,1190,2.374920961
30/09/2015,941,1196,8.838684959
30/09/2015,944,1324,10.92204744
30/09/2015,945,1309,7.274207882
30/09/2015,852,1078,3.344493897
30/09/2015,892,978,2.923051995
30/09/2015,878,909,2.163398011
30/09/2015,883,1165,1.581501563
30/09/2015,884,1101,3.042695608
30/09/2015,932,1456,3.226488473
30/09/2015,935,1348,2.975802209
30/09/2015,936,1403,3.294614693
30/09/2015,913,1253,6.458700545
30/09/2015,931,1140,3.373327961
30/09/2015,938,1532,5.944417265
30/09/2015,885,1040,3.667713163
30/09/2015,887,1075,5.679840426
30/09/2015,888,1043,2.431555744
30/09/2015,889,977,3.555629809
30/09/2015,890,987,2.918525691
30/09/2015,874,988,2.441244515
30/09/2015,876,956,5.326136969
30/09/2015,891,972,3.058411991
30/09/2015,915,1164,4.100257383
30/09/2015,921,1169,5.148090268
30/09/2015,923,1202,3.129891734
30/09/2015,873,1280,3.896162752
30/09/2015,908,1134,6.507007785
30/09/2015,895,1049,3.120765478
30/09/2015,933,1388,3.463323135
30/09/2015,928,1346,3.145816446
30/09/2015,929,1301,2.972386725
30/09/2015,930,1207,2.841997011
30/09/2015,920,1250,2.754501266
30/09/2015,868,1238,2.125117523
30/09/2015,865,961,2.24654384
30/09/2015,897,1246,5.240167843
30/09/2015,901,1136,5.43063771
30/09/2015,902,1104,2.811245684
30/09/2015,903,1233,4.541210638
30/09/2015,904,1089,3.729966835
30/09/2015,896,1174,6.542587138
30/09/2015,853,1198,3.998670166
30/09/2015,855,1017,4.494255067
30/09/2015,900,1277,8.22600469
30/09/2015,939,1593,5.291838734
30/09/2015,937,1524,5.194722556
30/09/2015,907,1146,4.230977739
30/09/2015,919,1033,2.9301987
30/09/2015,894,923,8.903115776
30/09/2015,927,1529,6.982018381
30/09/2015,925,1412,4.647761062
30/09/2015,875,1213,2.297550985
30/09/2015,916,1137,2.469693385
30/09/2015,922,1726,3.445599554
30/09/2015,934,1506,3.058029825
30/09/2015,893,1193,4.73814061
30/09/2015,886,991,5.030044973
30/09/2015,862,1128,2.52104187
30/09/2015,877,1133,2.508964169
30/09/2015,879,894,2.710477511
30/09/2015,872,1444,1.107588235
30/09/2015,882,1026,4.026138175
12/10/2015,880,1244,2.215764453
12/10/2015,888,1229,2.431555744
12/10/2015,891,1048,3.058411991
12/10/2015,892,994,2.923051995
12/10/2015,894,1117,8.903115776
12/10/2015,883,1470,1.581501563
12/10/2015,863,1136,3.725488777
12/10/2015,862,1201,2.52104187
12/10/2015,889,1045,3.555629809
12/10/2015,890,1048,2.918525691
12/10/2015,874,1012,2.441244515
12/10/2015,865,1253,2.24654384
12/10/2015,876,1071,5.326136969
12/10/2015,875,1344,2.297550985
12/10/2015,884,1212,3.042695608
12/10/2015,886,1020,5.030044973
12/10/2015,887,1290,5.679840426
12/10/2015,893,1354,4.73814061
12/10/2015,885,1259,3.667713163
12/10/2015,878,1089,2.163398011
12/10/2015,879,1118,2.710477511
12/10/2015,877,1054,2.508964169
12/10/2015,882,1335,4.026138175
12/10/2015,881,1106,3.308539222
29/10/2015,924,1666,2.124841665
29/10/2015,925,1109,4.647761062
29/10/2015,926,1092,5.07119798
29/10/2015,927,1556,6.982018381
29/10/2015,883,1224,1.581501563
29/10/2015,873,1193,3.896162752
29/10/2015,863,1549,3.725488777
29/10/2015,862,1418,2.52104187
29/10/2015,852,1181,3.344493897
29/10/2015,889,1215,3.555629809
29/10/2015,874,1126,2.441244515
29/10/2015,940,1330,2.374920961
29/10/2015,945,1889,7.274207882
29/10/2015,941,1484,8.838684959
29/10/2015,865,1453,2.24654384
29/10/2015,876,1143,5.326136969
29/10/2015,875,1328,2.297550985
29/10/2015,884,1978,3.042695608
29/10/2015,886,1422,5.030044973
29/10/2015,887,1800,5.679840426
29/10/2015,893,1785,4.73814061
29/10/2015,885,1637,3.667713163
29/10/2015,878,1155,2.163398011
29/10/2015,879,1154,2.710477511
29/10/2015,877,1069,2.508964169
29/10/2015,882,1411,4.026138175
29/10/2015,872,1655,1.107588235
29/10/2015,881,1203,3.308539222
29/10/2015,880,1272,2.215764453
29/10/2015,888,1305,2.431555744
29/10/2015,891,1270,3.058411991
29/10/2015,892,1264,2.923051995
29/10/2015,894,1214,8.903115776
29/10/2015,908,1756,6.507007785
29/10/2015,895,1423,3.120765478
29/10/2015,896,1217,6.542587138
29/10/2015,907,1227,4.230977739
29/10/2015,920,1252,2.754501266
29/10/2015,901,1058,5.43063771
29/10/2015,902,1261,2.811245684
29/10/2015,900,1272,8.22600469
29/10/2015,897,1336,5.240167843
29/10/2015,898,1399,10.10182421
29/10/2015,853,1293,3.998670166
29/10/2015,904,1317,3.729966835
29/10/2015,856,1579,2.497542403
29/10/2015,855,1109,4.494255067
29/10/2015,916,1294,2.469693385
29/10/2015,915,1497,4.100257383
29/10/2015,909,1290,3.398476422
29/10/2015,910,1176,3.483488476
29/10/2015,913,1464,6.458700545
29/10/2015,921,1301,5.148090268
29/10/2015,923,1458,3.129891734
29/10/2015,933,1402,3.463323135
29/10/2015,932,1505,3.226488473
29/10/2015,931,1452,3.373327961
29/10/2015,934,1796,3.058029825
29/10/2015,935,1409,2.975802209
29/10/2015,936,1460,3.294614693
29/10/2015,937,1680,5.194722556
29/10/2015,938,1963,5.944417265
29/10/2015,939,1362,5.291838734
29/10/2015,903,1224,4.541210638
29/10/2015,890,1514,2.918525691
29/10/2015,919,1219,2.9301987
29/10/2015,868,1502,2.125117523
29/10/2015,905,1174,4.382879075
29/10/2015,944,1450,10.92204744
29/10/2015,922,1770,3.445599554
29/10/2015,928,1473,3.145816446
29/10/2015,929,1593,2.972386725
29/10/2015,930,1341,2.841997011
29/10/2015,860,1143,7.023859853
1/12/2015,860,1402,7.023859853
1/12/2015,909,1598,3.398476422
1/12/2015,910,1320,3.483488476
1/12/2015,913,1873,6.458700545
1/12/2015,878,1674,2.163398011
1/12/2015,863,1792,3.725488777
1/12/2015,874,1840,2.441244515
1/12/2015,876,1886,5.326136969
1/12/2015,883,1475,1.581501563
1/12/2015,885,1733,3.667713163
1/12/2015,888,1600,2.431555744
1/12/2015,889,2133,3.555629809
1/12/2015,890,1884,2.918525691
1/12/2015,892,1530,2.923051995
1/12/2015,891,1585,3.058411991
1/12/2015,915,1542,4.100257383
1/12/2015,921,1710,5.148090268
1/12/2015,923,1902,3.129891734
1/12/2015,903,1515,4.541210638
1/12/2015,904,1684,3.729966835
1/12/2015,897,1959,5.240167843
1/12/2015,853,2026,3.998670166
1/12/2015,855,1458,4.494255067
1/12/2015,919,1290,2.9301987
1/12/2015,907,1857,4.230977739
1/12/2015,916,1522,2.469693385
1/12/2015,875,1234,2.297550985
1/12/2015,877,1673,2.508964169
1/12/2015,872,2103,1.107588235
1/12/2015,879,1493,2.710477511
1/12/2015,862,1967,2.52104187
1/12/2015,893,1983,4.73814061
1/12/2015,886,2319,5.030044973
6/01/2016,880,1806,2.215764453
6/01/2016,909,1500,3.398476422
6/01/2016,910,1250,3.483488476
6/01/2016,924,2132,2.124841665
6/01/2016,875,1298,2.297550985
6/01/2016,926,1563,5.07119798
6/01/2016,891,2053,3.058411991
6/01/2016,903,1766,4.541210638
6/01/2016,904,2560,3.729966835
6/01/2016,896,1286,6.542587138
6/01/2016,897,1703,5.240167843
6/01/2016,853,1884,3.998670166
6/01/2016,855,2189,4.494255067
6/01/2016,907,1374,4.230977739
6/01/2016,925,1494,4.647761062
6/01/2016,893,2385,4.73814061
6/01/2016,917,2280,2.292311486
6/01/2016,912,1971,3.80418638
6/01/2016,879,1661,2.710477511
6/01/2016,886,2785,5.030044973
6/01/2016,877,2209,2.508964169
6/01/2016,872,2571,1.107588235
6/01/2016,913,2074,6.458700545
6/01/2016,887,1742,5.679840426
6/01/2016,892,2003,2.923051995
6/01/2016,878,1605,2.163398011
6/01/2016,883,1145,1.581501563
6/01/2016,884,1693,3.042695608
6/01/2016,885,1726,3.667713163
6/01/2016,874,3197,2.441244515
6/01/2016,876,2089,5.326136969
6/01/2016,895,1707,3.120765478
6/01/2016,921,2051,5.148090268
6/01/2016,923,1950,3.129891734
6/01/2016,920,1906,2.754501266
6/01/2016,865,2154,2.24654384
2/02/2016,880,1495,2.215764453
2/02/2016,891,1776,3.058411991
2/02/2016,892,1609,2.923051995
2/02/2016,894,1792,8.903115776
2/02/2016,908,1539,6.507007785
2/02/2016,895,1660,3.120765478
2/02/2016,896,1948,6.542587138
2/02/2016,907,2191,4.230977739
2/02/2016,901,1981,5.43063771
2/02/2016,902,1985,2.811245684
2/02/2016,900,1921,8.22600469
2/02/2016,897,1762,5.240167843
2/02/2016,898,1972,10.10182421
2/02/2016,853,1708,3.998670166
2/02/2016,904,1661,3.729966835
2/02/2016,856,1477,2.497542403
2/02/2016,855,1888,4.494255067
2/02/2016,912,2046,3.80418638
2/02/2016,918,2212,1.3796371
2/02/2016,917,2058,2.292311486
2/02/2016,915,1591,4.100257383
2/02/2016,909,1494,3.398476422
2/02/2016,910,1358,3.483488476
2/02/2016,921,2036,5.148090268
2/02/2016,923,1693,3.129891734
2/02/2016,933,1462,3.463323135
2/02/2016,932,1744,3.226488473
2/02/2016,931,2036,3.373327961
2/02/2016,934,2118,3.058029825
2/02/2016,935,1672,2.975802209
2/02/2016,936,2155,3.294614693
2/02/2016,937,1525,5.194722556
2/02/2016,877,1938,2.508964169
2/02/2016,882,1891,4.026138175
2/02/2016,872,1823,1.107588235
2/02/2016,881,1235,3.308539222
2/02/2016,851,2470,5.074070584
2/02/2016,940,1659,2.374920961
2/02/2016,945,1631,7.274207882
2/02/2016,941,1218,8.838684959
2/02/2016,876,1739,5.326136969
2/02/2016,875,1290,2.297550985
2/02/2016,884,1609,3.042695608
2/02/2016,886,1959,5.030044973
2/02/2016,887,2123,5.679840426
2/02/2016,885,1918,3.667713163
2/02/2016,878,1745,2.163398011
2/02/2016,879,1686,2.710477511
2/02/2016,938,1840,5.944417265
2/02/2016,939,1520,5.291838734
2/02/2016,903,1524,4.541210638
2/02/2016,924,2055,2.124841665
2/02/2016,925,1584,4.647761062
2/02/2016,926,1327,5.07119798
2/02/2016,883,1059,1.581501563
2/02/2016,873,1613,3.896162752
2/02/2016,863,1687,3.725488777
2/02/2016,862,1632,2.52104187
2/02/2016,852,1479,3.344493897
2/02/2016,889,2364,3.555629809
2/02/2016,890,2082,2.918525691
2/02/2016,919,2552,2.9301987
2/02/2016,905,1501,4.382879075
2/02/2016,944,1076,10.92204744
2/02/2016,922,2037,3.445599554
2/02/2016,928,1638,3.145816446
2/02/2016,929,1436,2.972386725
2/02/2016,930,1367,2.841997011
2/02/2016,860,2103,7.023859853
26/02/2016,860,1487,7.023859853
26/02/2016,856,1976,2.497542403
26/02/2016,880,1754,2.215764453
26/02/2016,909,1482,3.398476422
26/02/2016,910,1366,3.483488476
26/02/2016,924,1767,2.124841665
26/02/2016,875,1414,2.297550985
26/02/2016,852,1429,3.344493897
26/02/2016,926,1708,5.07119798
26/02/2016,940,1688,2.374920961
26/02/2016,941,1218,8.838684959
26/02/2016,944,1646,10.92204744
26/02/2016,945,1945,7.274207882
26/02/2016,915,1836,4.100257383
26/02/2016,891,1608,3.058411991
26/02/2016,900,1921,8.22600469
26/02/2016,902,2088,2.811245684
26/02/2016,903,1203,4.541210638
26/02/2016,904,2126,3.729966835
26/02/2016,896,2077,6.542587138
26/02/2016,897,1734,5.240167843
26/02/2016,853,1781,3.998670166
26/02/2016,855,2034,4.494255067
26/02/2016,907,2039,4.230977739
26/02/2016,919,1944,2.9301987
26/02/2016,894,1823,8.903115776
26/02/2016,925,1630,4.647761062
26/02/2016,939,1624,5.291838734
26/02/2016,937,1463,5.194722556
26/02/2016,917,2010,2.292311486
26/02/2016,918,2111,1.3796371
26/02/2016,912,1808,3.80418638
26/02/2016,893,1762,4.73814061
26/02/2016,882,1589,4.026138175
26/02/2016,879,2153,2.710477511
26/02/2016,886,2019,5.030044973
26/02/2016,877,1612,2.508964169
26/02/2016,872,1838,1.107588235
26/02/2016,862,1762,2.52104187
26/02/2016,851,2841,5.074070584
26/02/2016,931,1773,3.373327961
26/02/2016,932,1642,3.226488473
26/02/2016,935,1579,2.975802209
26/02/2016,936,2039,3.294614693
26/02/2016,938,2280,5.944417265
26/02/2016,887,1716,5.679840426
26/02/2016,889,1901,3.555629809
26/02/2016,890,1849,2.918525691
26/02/2016,892,1916,2.923051995
26/02/2016,878,1581,2.163398011
26/02/2016,883,1544,1.581501563
26/02/2016,884,1675,3.042695608
26/02/2016,885,2499,3.667713163
26/02/2016,874,2338,2.441244515
26/02/2016,876,1564,5.326136969
26/02/2016,863,1845,3.725488777
26/02/2016,873,1432,3.896162752
26/02/2016,908,1620,6.507007785
26/02/2016,921,1917,5.148090268
26/02/2016,895,1514,3.120765478
26/02/2016,933,1442,3.463323135
26/02/2016,923,1340,3.129891734
26/02/2016,928,1561,3.145816446
26/02/2016,929,1631,2.972386725
26/02/2016,930,1359,2.841997011
26/02/2016,881,1507,3.308539222
26/02/2016,934,2028,3.058029825
26/02/2016,922,2837,3.445599554
26/02/2016,920,1425,2.754501266
26/02/2016,868,1550,2.125117523
26/02/2016,865,1931,2.24654384
22/03/2016,854,2403,0.75227456
22/03/2016,856,2403,2.497542403
22/03/2016,882,2220,4.026138175
31/03/2016,926,1629,5.07119798
31/03/2016,925,1902,4.647761062
31/03/2016,924,1770,2.124841665
31/03/2016,917,1778,2.292311486
31/03/2016,918,2174,1.3796371
31/03/2016,912,1991,3.80418638
31/03/2016,895,1648,3.120765478
31/03/2016,908,1614,6.507007785
31/03/2016,860,1952,7.023859853
31/03/2016,920,1473,2.754501266
31/03/2016,868,1263,2.125117523
31/03/2016,919,2032,2.9301987
31/03/2016,907,1822,4.230977739
31/03/2016,902,1990,2.811245684
31/03/2016,896,1462,6.542587138
31/03/2016,900,1328,8.22600469
31/03/2016,898,1681,10.10182421
31/03/2016,905,2183,4.382879075
31/03/2016,903,1341,4.541210638
31/03/2016,904,1626,3.729966835
31/03/2016,853,1981,3.998670166
31/03/2016,897,1593,5.240167843
31/03/2016,855,1700,4.494255067
31/03/2016,930,1531,2.841997011
31/03/2016,939,2457,5.291838734
31/03/2016,938,2062,5.944417265
31/03/2016,937,2309,5.194722556
31/03/2016,936,2278,3.294614693
31/03/2016,935,1913,2.975802209
31/03/2016,934,2133,3.058029825
31/03/2016,931,1249,3.373327961
31/03/2016,932,1453,3.226488473
31/03/2016,933,1456,3.463323135
31/03/2016,929,1456,2.972386725
31/03/2016,928,1692,3.145816446
31/03/2016,922,1900,3.445599554
31/03/2016,923,1481,3.129891734
31/03/2016,921,1702,5.148090268
31/03/2016,915,1459,4.100257383
31/03/2016,910,1658,3.483488476
31/03/2016,909,1529,3.398476422
31/03/2016,882,1282,4.026138175
31/03/2016,856,1589,2.497542403
31/03/2016,881,1303,3.308539222
31/03/2016,889,1999,3.555629809
31/03/2016,880,1701,2.215764453
31/03/2016,862,2401,2.52104187
31/03/2016,863,2789,3.725488777
31/03/2016,872,1765,1.107588235
31/03/2016,877,1793,2.508964169
31/03/2016,879,2054,2.710477511
31/03/2016,883,1487,1.581501563
31/03/2016,878,2195,2.163398011
31/03/2016,875,1762,2.297550985
31/03/2016,884,2443,3.042695608
31/03/2016,885,2730,3.667713163
31/03/2016,876,1739,5.326136969
31/03/2016,874,1734,2.441244515
31/03/2016,941,1353,8.838684959
31/03/2016,945,1365,7.274207882
31/03/2016,944,1399,10.92204744
31/03/2016,940,1534,2.374920961
31/03/2016,852,1240,3.344493897
31/03/2016,851,2032,5.074070584
31/03/2016,894,1823,8.903115776
31/03/2016,865,1722,2.24654384
31/03/2016,886,1411,5.030044973
31/03/2016,873,1253,3.896162752
31/03/2016,892,1774,2.923051995
31/03/2016,893,1956,4.73814061
31/03/2016,887,1987,5.679840426
31/03/2016,890,1574,2.918525691
31/03/2016,891,1570,3.058411991
27/04/2016,890,1466,2.918525691
27/04/2016,892,1348,2.923051995
27/04/2016,891,1301,3.058411991
27/04/2016,889,1966,3.555629809
27/04/2016,880,1324,2.215764453
27/04/2016,872,1740,1.107588235
27/04/2016,877,1734,2.508964169
27/04/2016,879,1533,2.710477511
27/04/2016,876,1653,5.326136969
27/04/2016,865,1295,2.24654384
27/04/2016,874,1188,2.441244515
27/04/2016,863,1608,3.725488777
27/04/2016,883,1210,1.581501563
27/04/2016,862,1656,2.52104187
27/04/2016,878,2032,2.163398011
27/04/2016,875,1249,2.297550985
27/04/2016,940,1448,2.374920961
27/04/2016,851,1868,5.074070584
27/04/2016,852,1244,3.344493897
27/04/2016,944,1121,10.92204744
27/04/2016,873,1527,3.896162752
27/04/2016,895,1193,3.120765478
27/04/2016,908,1892,6.507007785
27/04/2016,894,1589,8.903115776
27/04/2016,887,1488,5.679840426
27/04/2016,941,1173,8.838684959
27/04/2016,945,1796,7.274207882
27/04/2016,905,2741,4.382879075
27/04/2016,868,1631,2.125117523
27/04/2016,903,1505,4.541210638
27/04/2016,855,1896,4.494255067
27/04/2016,904,1842,3.729966835
27/04/2016,853,1575,3.998670166
27/04/2016,898,1329,10.10182421
27/04/2016,897,1474,5.240167843
27/04/2016,900,1421,8.22600469
27/04/2016,902,1774,2.811245684
27/04/2016,901,1573,5.43063771
27/04/2016,920,2243,2.754501266
27/04/2016,896,1454,6.542587138
27/04/2016,885,1725,3.667713163
27/04/2016,893,1824,4.73814061
27/04/2016,886,1468,5.030044973
27/04/2016,884,1686,3.042695608
27/04/2016,907,1715,4.230977739
27/04/2016,860,1612,7.023859853
27/04/2016,919,1641,2.9301987
27/04/2016,928,1481,3.145816446
27/04/2016,922,1565,3.445599554
27/04/2016,927,2200,6.982018381
27/04/2016,926,1892,5.07119798
27/04/2016,925,1606,4.647761062
27/04/2016,924,2139,2.124841665
27/04/2016,923,1356,3.129891734
27/04/2016,917,1860,2.292311486
27/04/2016,929,1563,2.972386725
27/04/2016,930,1361,2.841997011
27/04/2016,933,1575,3.463323135
27/04/2016,931,1305,3.373327961
27/04/2016,932,1205,3.226488473
27/04/2016,934,1642,3.058029825
27/04/2016,939,1506,5.291838734
27/04/2016,938,1546,5.944417265
27/04/2016,937,1796,5.194722556
27/04/2016,936,1926,3.294614693
27/04/2016,935,1637,2.975802209
27/04/2016,921,1530,5.148090268
27/04/2016,910,1637,3.483488476
27/04/2016,909,1583,3.398476422
27/04/2016,915,2230,4.100257383
27/04/2016,912,2211,3.80418638
27/04/2016,918,2205,1.3796371
27/04/2016,856,1667,2.497542403
27/04/2016,882,1271,4.026138175
27/04/2016,881,1726,3.308539222
27/05/2016,894,1152,8.903115776
27/05/2016,892,1106,2.923051995
27/05/2016,890,1047,2.918525691
27/05/2016,891,1025,3.058411991
27/05/2016,889,1087,3.555629809
27/05/2016,877,1424,2.508964169
27/05/2016,879,1202,2.710477511
27/05/2016,878,1081,2.163398011
27/05/2016,862,1061,2.52104187
27/05/2016,863,1119,3.725488777
27/05/2016,885,1169,3.667713163
27/05/2016,893,1039,4.73814061
27/05/2016,873,1444,3.896162752
27/05/2016,887,1086,5.679840426
27/05/2016,886,1102,5.030044973
27/05/2016,884,1291,3.042695608
27/05/2016,883,1049,1.581501563
27/05/2016,875,1257,2.297550985
27/05/2016,865,1650,2.24654384
27/05/2016,876,1147,5.326136969
27/05/2016,874,1079,2.441244515
27/05/2016,940,1252,2.374920961
27/05/2016,851,1587,5.074070584
27/05/2016,852,1119,3.344493897
27/05/2016,941,1285,8.838684959
27/05/2016,944,1326,10.92204744
27/05/2016,945,1264,7.274207882
27/05/2016,908,1697,6.507007785
27/05/2016,895,1332,3.120765478
27/05/2016,860,2101,7.023859853
27/05/2016,902,1900,2.811245684
27/05/2016,901,1558,5.43063771
27/05/2016,868,2342,2.125117523
27/05/2016,920,2054,2.754501266
27/05/2016,919,1424,2.9301987
27/05/2016,907,1779,4.230977739
27/05/2016,896,1295,6.542587138
27/05/2016,905,1530,4.382879075
27/05/2016,900,1323,8.22600469
27/05/2016,898,1265,10.10182421
27/05/2016,903,2148,4.541210638
27/05/2016,904,1674,3.729966835
27/05/2016,853,1449,3.998670166
27/05/2016,897,1475,5.240167843
27/05/2016,882,1472,4.026138175
27/05/2016,856,1039,2.497542403
27/05/2016,927,1371,6.982018381
27/05/2016,926,1188,5.07119798
27/05/2016,925,1240,4.647761062
27/05/2016,924,1426,2.124841665
27/05/2016,917,1488,2.292311486
27/05/2016,918,1552,1.3796371
27/05/2016,939,1310,5.291838734
27/05/2016,938,1284,5.944417265
27/05/2016,937,1704,5.194722556
27/05/2016,933,1260,3.463323135
27/05/2016,930,1248,2.841997011
27/05/2016,906,1351,2.490331305
27/05/2016,931,1121,3.373327961
27/05/2016,932,1550,3.226488473
27/05/2016,936,1329,3.294614693
27/05/2016,934,1610,3.058029825
27/05/2016,935,1330,2.975802209
27/05/2016,929,1291,2.972386725
27/05/2016,928,1284,3.145816446
27/05/2016,922,1355,3.445599554
27/05/2016,923,1323,3.129891734
27/05/2016,921,1181,5.148090268
27/05/2016,910,1075,3.483488476
27/05/2016,909,1417,3.398476422
27/05/2016,915,1225,4.100257383
27/05/2016,912,1630,3.80418638
27/05/2016,855,1440,4.494255067
27/05/2016,881,1349,3.308539222
27/05/2016,872,1287,1.107588235
27/05/2016,880,1753,2.215764453
1/07/2016,881,1140,3.308539222
1/07/2016,856,1056,2.497542403
1/07/2016,872,1177,1.107588235
1/07/2016,882,1143,4.026138175
1/07/2016,880,1151,2.215764453
1/07/2016,912,1432,3.80418638
1/07/2016,915,1107,4.100257383
1/07/2016,909,1353,3.398476422
1/07/2016,910,1020,3.483488476
1/07/2016,921,1173,5.148090268
1/07/2016,923,1378,3.129891734
1/07/2016,922,1235,3.445599554
1/07/2016,928,1412,3.145816446
1/07/2016,929,1352,2.972386725
1/07/2016,930,1191,2.841997011
1/07/2016,933,1144,3.463323135
1/07/2016,932,1271,3.226488473
1/07/2016,931,1169,3.373327961
1/07/2016,934,1229,3.058029825
1/07/2016,935,1337,2.975802209
1/07/2016,936,1354,3.294614693
1/07/2016,937,1256,5.194722556
1/07/2016,938,1330,5.944417265
1/07/2016,939,1287,5.291838734
1/07/2016,905,1226,4.382879075
1/07/2016,853,1348,3.998670166
1/07/2016,904,1290,3.729966835
1/07/2016,855,1168,4.494255067
1/07/2016,903,1121,4.541210638
1/07/2016,884,971,3.042695608
1/07/2016,886,883,5.030044973
1/07/2016,887,913,5.679840426
1/07/2016,873,1131,3.896162752
1/07/2016,893,925,4.73814061
1/07/2016,885,1056,3.667713163
1/07/2016,889,925,3.555629809
1/07/2016,891,1021,3.058411991
1/07/2016,890,826,2.918525691
1/07/2016,892,900,2.923051995
1/07/2016,894,1040,8.903115776
1/07/2016,908,1044,6.507007785
1/07/2016,895,993,3.120765478
1/07/2016,896,1154,6.542587138
1/07/2016,901,1461,5.43063771
1/07/2016,902,1333,2.811245684
1/07/2016,900,1191,8.22600469
1/07/2016,918,1597,1.3796371
1/07/2016,917,1290,2.292311486
1/07/2016,924,1180,2.124841665
1/07/2016,925,1339,4.647761062
1/07/2016,926,1341,5.07119798
1/07/2016,927,1193,6.982018381
1/07/2016,851,1186,5.074070584
1/07/2016,852,1145,3.344493897
1/07/2016,940,1366,2.374920961
1/07/2016,945,1379,7.274207882
1/07/2016,944,1155,10.92204744
1/07/2016,941,1244,8.838684959
1/07/2016,874,1027,2.441244515
1/07/2016,865,1018,2.24654384
1/07/2016,875,1058,2.297550985
1/07/2016,883,874,1.581501563
1/07/2016,863,994,3.725488777
1/07/2016,862,920,2.52104187
1/07/2016,878,1083,2.163398011
1/07/2016,879,1036,2.710477511
1/07/2016,877,1149,2.508964169
1/07/2016,897,1163,5.240167843
1/07/2016,898,1041,10.10182421
29/07/2016,884,1057,3.042695608
29/07/2016,886,816,5.030044973
29/07/2016,876,970,5.326136969
29/07/2016,851,1113,5.074070584
29/07/2016,875,1120,2.297550985
29/07/2016,883,1024,1.581501563
29/07/2016,887,980,5.679840426
29/07/2016,893,850,4.73814061
29/07/2016,885,855,3.667713163
29/07/2016,863,945,3.725488777
29/07/2016,862,943,2.52104187
29/07/2016,878,1208,2.163398011
29/07/2016,879,930,2.710477511
29/07/2016,874,985,2.441244515
29/07/2016,877,1079,2.508964169
29/07/2016,882,1145,4.026138175
29/07/2016,881,1007,3.308539222
29/07/2016,880,1337,2.215764453
29/07/2016,889,868,3.555629809
29/07/2016,891,981,3.058411991
29/07/2016,890,1058,2.918525691
29/07/2016,892,1033,2.923051995
29/07/2016,896,1231,6.542587138
29/07/2016,945,1047,7.274207882
29/07/2016,904,1164,3.729966835
29/07/2016,918,1421,1.3796371
29/07/2016,915,1145,4.100257383
29/07/2016,944,1030,10.92204744
29/07/2016,910,1063,3.483488476
29/07/2016,921,1147,5.148090268
29/07/2016,922,1174,3.445599554
29/07/2016,933,1122,3.463323135
29/07/2016,934,1244,3.058029825
29/07/2016,938,1264,5.944417265
31/08/2016,917,1168,2.292311486
31/08/2016,924,1092,2.124841665
31/08/2016,925,1128,4.647761062
31/08/2016,926,1077,5.07119798
31/08/2016,927,1444,6.982018381
31/08/2016,921,1174,5.148090268
31/08/2016,922,1502,3.445599554
31/08/2016,929,1188,2.972386725
31/08/2016,933,1144,3.463323135
31/08/2016,931,1329,3.373327961
31/08/2016,934,1297,3.058029825
31/08/2016,936,1392,3.294614693
31/08/2016,938,1202,5.944417265
31/08/2016,915,1009,4.100257383
31/08/2016,910,1233,3.483488476
31/08/2016,883,1188,1.581501563
31/08/2016,863,1006,3.725488777
31/08/2016,862,1018,2.52104187
31/08/2016,878,1044,2.163398011
31/08/2016,879,986,2.710477511
31/08/2016,877,1061,2.508964169
31/08/2016,902,1688,2.811245684
31/08/2016,895,1087,3.120765478
31/08/2016,896,1283,6.542587138
31/08/2016,901,1387,5.43063771
31/08/2016,900,1288,8.22600469
31/08/2016,897,1143,5.240167843
31/08/2016,904,1251,3.729966835
31/08/2016,855,1371,4.494255067
31/08/2016,920,1305,2.754501266
31/08/2016,907,1351,4.230977739
31/08/2016,860,1382,7.023859853
31/08/2016,884,990,3.042695608
31/08/2016,886,919,5.030044973
31/08/2016,887,1029,5.679840426
31/08/2016,893,967,4.73814061
31/08/2016,885,1022,3.667713163
31/08/2016,889,991,3.555629809
31/08/2016,891,986,3.058411991
31/08/2016,890,937,2.918525691
31/08/2016,892,949,2.923051995
31/08/2016,894,1069,8.903115776
31/08/2016,919,1384,2.9301987
31/08/2016,868,1196,2.125117523
31/08/2016,851,1017,5.074070584
31/08/2016,876,911,5.326136969
31/08/2016,875,970,2.297550985
31/08/2016,874,1001,2.441244515
31/08/2016,945,1108,7.274207882
31/08/2016,944,1147,10.92204744
31/08/2016,941,1244,8.838684959
31/08/2016,865,1160,2.24654384
31/08/2016,882,1029,4.026138175
31/08/2016,881,1126,3.308539222
31/08/2016,880,1114,2.215764453
31/08/2016,856,1047,2.497542403
31/08/2016,912,1139,3.80418638
31/08/2016,918,1556,1.3796371
15/09/2016,851,1081,5.074070584
15/09/2016,862,998,2.52104187
15/09/2016,863,1022,3.725488777
15/09/2016,865,1050,2.24654384
15/09/2016,874,1108,2.441244515
15/09/2016,875,1211,2.297550985
15/09/2016,876,1017,5.326136969
15/09/2016,877,1047,2.508964169
15/09/2016,878,1038,2.163398011
15/09/2016,879,989,2.710477511
15/09/2016,881,1137,3.308539222
15/09/2016,856,1206,2.497542403
15/09/2016,860,1334,7.023859853
15/09/2016,868,1280,2.125117523
15/09/2016,880,937,2.215764453
15/09/2016,882,1116,4.026138175
15/09/2016,920,1067,2.754501266
15/09/2016,915,1326,4.100257383
15/09/2016,918,1387,1.3796371
15/09/2016,917,1225,2.292311486
15/09/2016,912,1396,3.80418638
15/09/2016,884,999,3.042695608
15/09/2016,885,1010,3.667713163
15/09/2016,886,1073,5.030044973
15/09/2016,887,1124,5.679840426
15/09/2016,889,1084,3.555629809
15/09/2016,890,986,2.918525691
15/09/2016,891,1008,3.058411991
15/09/2016,892,984,2.923051995
15/09/2016,893,1105,4.73814061
3/10/2016,872,1738,1.107588235
3/10/2016,881,1318,3.308539222
3/10/2016,880,1434,2.215764453
3/10/2016,882,1440,4.026138175
3/10/2016,856,1553,2.497542403
3/10/2016,912,1570,3.80418638
3/10/2016,918,1825,1.3796371
3/10/2016,917,1819,2.292311486
3/10/2016,924,2216,2.124841665
3/10/2016,925,1634,4.647761062
3/10/2016,921,1661,5.148090268
3/10/2016,923,1382,3.129891734
3/10/2016,922,1465,3.445599554
3/10/2016,928,1600,3.145816446
3/10/2016,929,1544,2.972386725
3/10/2016,930,1550,2.841997011
3/10/2016,933,1482,3.463323135
3/10/2016,932,1683,3.226488473
3/10/2016,931,1446,3.373327961
3/10/2016,934,1534,3.058029825
3/10/2016,935,1577,2.975802209
3/10/2016,936,1632,3.294614693
3/10/2016,937,1547,5.194722556
3/10/2016,938,1612,5.944417265
3/10/2016,939,1753,5.291838734
3/10/2016,926,1753,5.07119798
3/10/2016,927,1711,6.982018381
3/10/2016,915,1530,4.100257383
3/10/2016,909,1606,3.398476422
3/10/2016,910,1387,3.483488476
3/10/2016,876,1301,5.326136969
3/10/2016,875,1304,2.297550985
3/10/2016,883,1382,1.581501563
3/10/2016,862,1129,2.52104187
3/10/2016,878,1284,2.163398011
3/10/2016,852,1668,3.344493897
3/10/2016,874,1205,2.441244515
3/10/2016,940,1463,2.374920961
3/10/2016,945,1435,7.274207882
3/10/2016,944,1421,10.92204744
3/10/2016,941,1429,8.838684959
3/10/2016,865,1243,2.24654384
3/10/2016,863,1200,3.725488777
3/10/2016,879,1203,2.710477511
3/10/2016,877,1367,2.508964169
3/10/2016,897,1553,5.240167843
3/10/2016,898,1464,10.10182421
3/10/2016,905,1317,4.382879075
3/10/2016,906,1194,2.490331305
3/10/2016,853,1607,3.998670166
3/10/2016,904,1587,3.729966835
3/10/2016,855,1532,4.494255067
3/10/2016,920,1546,2.754501266
3/10/2016,860,1511,7.023859853
3/10/2016,907,1441,4.230977739
3/10/2016,868,2257,2.125117523
3/10/2016,902,1585,2.811245684
3/10/2016,919,1415,2.9301987
3/10/2016,901,1835,5.43063771
3/10/2016,900,1570,8.22600469
3/10/2016,884,1241,3.042695608
3/10/2016,886,1273,5.030044973
3/10/2016,887,1344,5.679840426
3/10/2016,873,1868,3.896162752
3/10/2016,893,1419,4.73814061
3/10/2016,885,1350,3.667713163
3/10/2016,889,1393,3.555629809
3/10/2016,891,1202,3.058411991
3/10/2016,890,1261,2.918525691
3/10/2016,892,1205,2.923051995
3/10/2016,894,1552,8.903115776
3/10/2016,851,1546,5.074070584
3/10/2016,903,1341,4.541210638
4/10/2016,855,1532,4.494255067
4/10/2016,903,1341,4.541210638
4/10/2016,896,1450,6.542587138
4/10/2016,897,1553,5.240167843
4/10/2016,898,1464,10.10182421
4/10/2016,905,1317,4.382879075
4/10/2016,906,1194,2.490331305
4/10/2016,853,1607,3.998670166
4/10/2016,904,1587,3.729966835
1/11/2016,889,1476,3.555629809
1/11/2016,891,1502,3.058411991
1/11/2016,890,1574,2.918525691
1/11/2016,892,1441,2.923051995
1/11/2016,940,1648,2.374920961
1/11/2016,894,1507,8.903115776
1/11/2016,945,1744,7.274207882
1/11/2016,944,1550,10.92204744
1/11/2016,941,1541,8.838684959
1/11/2016,865,1473,2.24654384
1/11/2016,917,1682,2.292311486
1/11/2016,903,1275,4.541210638
1/11/2016,925,1581,4.647761062
1/11/2016,926,1607,5.07119798
1/11/2016,927,1940,6.982018381
1/11/2016,875,1472,2.297550985
1/11/2016,878,1732,2.163398011
1/11/2016,883,1351,1.581501563
1/11/2016,862,1374,2.52104187
1/11/2016,851,1614,5.074070584
1/11/2016,876,1569,5.326136969
1/11/2016,884,1430,3.042695608
1/11/2016,886,1508,5.030044973
1/11/2016,887,1749,5.679840426
1/11/2016,893,1593,4.73814061
1/11/2016,885,1466,3.667713163
1/11/2016,863,1496,3.725488777
1/11/2016,879,1466,2.710477511
1/11/2016,874,1444,2.441244515
1/11/2016,877,1722,2.508964169
1/11/2016,882,1576,4.026138175
1/11/2016,872,1689,1.107588235
1/11/2016,881,1635,3.308539222
1/11/2016,880,1468,2.215764453
1/11/2016,856,2002,2.497542403
1/11/2016,912,1625,3.80418638
1/11/2016,915,1726,4.100257383
1/11/2016,909,1486,3.398476422
1/11/2016,910,1569,3.483488476
1/11/2016,921,1896,5.148090268
1/11/2016,922,1682,3.445599554
1/11/2016,929,1418,2.972386725
1/11/2016,933,1604,3.463323135
1/11/2016,931,1452,3.373327961
1/11/2016,935,1764,2.975802209
1/11/2016,937,1767,5.194722556
1/11/2016,939,1712,5.291838734
1/11/2016,897,2043,5.240167843
1/11/2016,853,1664,3.998670166
1/11/2016,904,1840,3.729966835
1/11/2016,855,2023,4.494255067
1/11/2016,918,1947,1.3796371
1/11/2016,895,1748,3.120765478
1/11/2016,896,1444,6.542587138
1/11/2016,901,2050,5.43063771
1/11/2016,902,1616,2.811245684
1/11/2016,900,1567,8.22600469
1/11/2016,920,1837,2.754501266
1/11/2016,860,1461,7.023859853
1/11/2016,907,1583,4.230977739
1/11/2016,868,2032,2.125117523
1/11/2016,919,1459,2.9301987
2/11/2016,884,1430,3.042695608
2/11/2016,886,1508,5.030044973
2/11/2016,887,1749,5.679840426
2/11/2016,893,1593,4.73814061
2/11/2016,885,1466,3.667713163
2/11/2016,889,1476,3.555629809
2/11/2016,891,1502,3.058411991
2/11/2016,890,1574,2.918525691
2/11/2016,892,1441,2.923051995
2/11/2016,894,1507,8.903115776
2/11/2016,865,1473,2.24654384
2/11/2016,851,1614,5.074070584
2/11/2016,876,1569,5.326136969
2/11/2016,875,1472,2.297550985
2/11/2016,883,1351,1.581501563
2/11/2016,863,1496,3.725488777
2/11/2016,862,1374,2.52104187
2/11/2016,878,1732,2.163398011
2/11/2016,874,1444,2.441244515
2/11/2016,940,1648,2.374920961
2/11/2016,945,1744,7.274207882
2/11/2016,944,1550,10.92204744
2/11/2016,941,1541,8.838684959
1/12/2016,909,1424,3.398476422
1/12/2016,910,1476,3.483488476
1/12/2016,892,1626,2.923051995
1/12/2016,883,1614,1.581501563
1/12/2016,878,1771,2.163398011
1/12/2016,884,1303,3.042695608
1/12/2016,863,1458,3.725488777
1/12/2016,889,1629,3.555629809
1/12/2016,890,1877,2.918525691
1/12/2016,887,1917,5.679840426
1/12/2016,885,1454,3.667713163
1/12/2016,876,1705,5.326136969
1/12/2016,915,1796,4.100257383
1/12/2016,891,1573,3.058411991
1/12/2016,921,1636,5.148090268
1/12/2016,923,2166,3.129891734
1/12/2016,897,1917,5.240167843
1/12/2016,903,1470,4.541210638
1/12/2016,904,1552,3.729966835
1/12/2016,853,1828,3.998670166
1/12/2016,855,1917,4.494255067
1/12/2016,881,1820,3.308539222
1/12/2016,907,1825,4.230977739
1/12/2016,919,1739,2.9301987
1/12/2016,875,1628,2.297550985
1/12/2016,917,2004,2.292311486
1/12/2016,918,2014,1.3796371
1/12/2016,912,1832,3.80418638
1/12/2016,886,1712,5.030044973
1/12/2016,862,1546,2.52104187
1/12/2016,893,1900,4.73814061
1/12/2016,877,2023,2.508964169
1/12/2016,879,1545,2.710477511
1/12/2016,882,2124,4.026138175
1/12/2016,872,1695,1.107588235
5/01/2017,892,1456,2.923051995
5/01/2017,851,1858,5.074070584
5/01/2017,894,1552,8.903115776
5/01/2017,891,1743,3.058411991
5/01/2017,886,1793,5.030044973
5/01/2017,893,1555,4.73814061
5/01/2017,865,2023,2.24654384
5/01/2017,889,2033,3.555629809
5/01/2017,885,1536,3.667713163
5/01/2017,884,1758,3.042695608
5/01/2017,890,1799,2.918525691
5/01/2017,887,1898,5.679840426
5/01/2017,904,1637,3.729966835
5/01/2017,940,2727,2.374920961
5/01/2017,944,1633,10.92204744
5/01/2017,945,1769,7.274207882
30/01/2017,851,1574,5.074070584
30/01/2017,874,2337,2.441244515
30/01/2017,865,2614,2.24654384
30/01/2017,884,1896,3.042695608
30/01/2017,886,1924,5.030044973
30/01/2017,887,1441,5.679840426
30/01/2017,893,1826,4.73814061
30/01/2017,885,1717,3.667713163
30/01/2017,879,1764,2.710477511
30/01/2017,877,1715,2.508964169
30/01/2017,880,1412,2.215764453
30/01/2017,888,1347,2.431555744
30/01/2017,891,1427,3.058411991
30/01/2017,890,1526,2.918525691
30/01/2017,892,1492,2.923051995
30/01/2017,907,1679,4.230977739
30/01/2017,919,1410,2.9301987
30/01/2017,897,1486,5.240167843
30/01/2017,904,1867,3.729966835
30/01/2017,912,1896,3.80418638
30/01/2017,917,1998,2.292311486
30/01/2017,916,2482,2.469693385
30/01/2017,921,2321,5.148090268
30/01/2017,934,1651,3.058029825
30/01/2017,935,1783,2.975802209
30/01/2017,936,2211,3.294614693
30/01/2017,937,2173,5.194722556
30/01/2017,938,1908,5.944417265
30/01/2017,939,2013,5.291838734
16/02/2017,884,1676,3.042695608
16/02/2017,886,1564,5.030044973
16/02/2017,887,1383,5.679840426
16/02/2017,893,1588,4.73814061
16/02/2017,885,1487,3.667713163
16/02/2017,888,1539,2.431555744
16/02/2017,889,1697,3.555629809
16/02/2017,891,1403,3.058411991
16/02/2017,890,1692,2.918525691
16/02/2017,892,1382,2.923051995
16/02/2017,894,1240,8.903115776
16/02/2017,879,1399,2.710477511
16/02/2017,851,1327,5.074070584
16/02/2017,874,1737,2.441244515
16/02/2017,940,1763,2.374920961
16/02/2017,945,1592,7.274207882
16/02/2017,944,1361,10.92204744
16/02/2017,941,1623,8.838684959
16/02/2017,876,1909,5.326136969
16/02/2017,875,1434,2.297550985
16/02/2017,883,1187,1.581501563
16/02/2017,862,1379,2.52104187
16/02/2017,878,1683,2.163398011
16/02/2017,877,1703,2.508964169
16/02/2017,872,1613,1.107588235
16/02/2017,880,1487,2.215764453
16/02/2017,895,1507,3.120765478
16/02/2017,907,1512,4.230977739
16/02/2017,919,1530,2.9301987
16/02/2017,901,1577,5.43063771
16/02/2017,897,1359,5.240167843
16/02/2017,904,1534,3.729966835
16/02/2017,856,1603,2.497542403
16/02/2017,855,1583,4.494255067
16/02/2017,912,1578,3.80418638
16/02/2017,918,2195,1.3796371
16/02/2017,917,1949,2.292311486
16/02/2017,916,2570,2.469693385
16/02/2017,909,1274,3.398476422
16/02/2017,910,1048,3.483488476
16/02/2017,921,1700,5.148090268
16/02/2017,922,1417,3.445599554
16/02/2017,929,1761,2.972386725
16/02/2017,933,1486,3.463323135
16/02/2017,931,1578,3.373327961
16/02/2017,935,1552,2.975802209
16/02/2017,937,1394,5.194722556
16/02/2017,939,1436,5.291838734
16/02/2017,925,1459,4.647761062
16/02/2017,927,1483,6.982018381
1/03/2017,872,1422,1.107588235
1/03/2017,881,1533,3.308539222
1/03/2017,851,2026,5.074070584
1/03/2017,874,2016,2.441244515
1/03/2017,945,1607,7.274207882
1/03/2017,944,1368,10.92204744
1/03/2017,941,1528,8.838684959
1/03/2017,865,1539,2.24654384
1/03/2017,876,1628,5.326136969
1/03/2017,875,1898,2.297550985
1/03/2017,883,1256,1.581501563
1/03/2017,884,1924,3.042695608
1/03/2017,886,1835,5.030044973
1/03/2017,893,1490,4.73814061
1/03/2017,885,1727,3.667713163
1/03/2017,862,1549,2.52104187
1/03/2017,878,1477,2.163398011
1/03/2017,879,1384,2.710477511
1/03/2017,877,1905,2.508964169
1/03/2017,888,1580,2.431555744
1/03/2017,890,1866,2.918525691
1/03/2017,892,1397,2.923051995
1/03/2017,895,1752,3.120765478
1/03/2017,896,1697,6.542587138
1/03/2017,907,1607,4.230977739
1/03/2017,919,1547,2.9301987
1/03/2017,901,1636,5.43063771
1/03/2017,900,1421,8.22600469
1/03/2017,897,1365,5.240167843
1/03/2017,853,1705,3.998670166
1/03/2017,904,1499,3.729966835
1/03/2017,882,1734,4.026138175
1/03/2017,856,1665,2.497542403
1/03/2017,855,1511,4.494255067
1/03/2017,912,1649,3.80418638
1/03/2017,918,2321,1.3796371
1/03/2017,917,1928,2.292311486
1/03/2017,916,2358,2.469693385
1/03/2017,909,1242,3.398476422
1/03/2017,910,1074,3.483488476
1/03/2017,921,1436,5.148090268
1/03/2017,923,1869,3.129891734
1/03/2017,922,1235,3.445599554
1/03/2017,928,1676,3.145816446
1/03/2017,929,1580,2.972386725
1/03/2017,930,1505,2.841997011
1/03/2017,933,1452,3.463323135
1/03/2017,932,1545,3.226488473
1/03/2017,931,1461,3.373327961
1/03/2017,934,1301,3.058029825
1/03/2017,935,1334,2.975802209
1/03/2017,936,1950,3.294614693
1/03/2017,937,1342,5.194722556
1/03/2017,938,1757,5.944417265
1/03/2017,939,1570,5.291838734
1/03/2017,903,1151,4.541210638
1/03/2017,924,1462,2.124841665
1/03/2017,925,1389,4.647761062
1/03/2017,926,1018,5.07119798
1/03/2017,927,1690,6.982018381
30/03/2017,877,1936,2.508964169
30/03/2017,879,1834,2.710477511
30/03/2017,878,1900,2.163398011
30/03/2017,862,2159,2.52104187
30/03/2017,863,2172,3.725488777
30/03/2017,875,1625,2.297550985
30/03/2017,876,2590,5.326136969
30/03/2017,884,2495,3.042695608
30/03/2017,885,2240,3.667713163
30/03/2017,908,1373,6.507007785
30/03/2017,894,1779,8.903115776
30/03/2017,892,1502,2.923051995
30/03/2017,888,1512,2.431555744
30/03/2017,893,1641,4.73814061
30/03/2017,873,2117,3.896162752
30/03/2017,887,1869,5.679840426
30/03/2017,886,1746,5.030044973
30/03/2017,865,1855,2.24654384
30/03/2017,941,1448,8.838684959
30/03/2017,944,1374,10.92204744
30/03/2017,945,1575,7.274207882
30/03/2017,940,1248,2.374920961
30/03/2017,874,1830,2.441244515
30/03/2017,852,1260,3.344493897
30/03/2017,851,1517,5.074070584
30/03/2017,890,1890,2.918525691
30/03/2017,872,2147,1.107588235
30/03/2017,927,1586,6.982018381
30/03/2017,926,1452,5.07119798
30/03/2017,925,2080,4.647761062
30/03/2017,924,1981,2.124841665
30/03/2017,939,1869,5.291838734
30/03/2017,938,1890,5.944417265
30/03/2017,937,1788,5.194722556
30/03/2017,936,1875,3.294614693
30/03/2017,935,1605,2.975802209
30/03/2017,934,1326,3.058029825
30/03/2017,931,1302,3.373327961
30/03/2017,932,1810,3.226488473
30/03/2017,933,1985,3.463323135
30/03/2017,930,1603,2.841997011
30/03/2017,929,1722,2.972386725
30/03/2017,928,1600,3.145816446
30/03/2017,922,1283,3.445599554
30/03/2017,923,1938,3.129891734
30/03/2017,921,1921,5.148090268
30/03/2017,187353,1607,6.988636517
30/03/2017,910,1095,3.483488476
30/03/2017,915,1579,4.100257383
30/03/2017,916,1913,2.469693385
30/03/2017,909,1258,3.398476422
30/03/2017,917,1507,2.292311486
30/03/2017,918,1717,1.3796371
30/03/2017,912,1477,3.80418638
30/03/2017,856,2389,2.497542403
30/03/2017,881,1803,3.308539222
30/03/2017,882,1596,4.026138175
30/03/2017,903,1085,4.541210638
30/03/2017,904,1527,3.729966835
30/03/2017,853,1504,3.998670166
30/03/2017,897,1183,5.240167843
30/03/2017,900,1340,8.22600469
30/03/2017,902,1732,2.811245684
30/03/2017,901,1783,5.43063771
30/03/2017,896,1533,6.542587138
30/03/2017,895,1564,3.120765478
30/03/2017,855,1365,4.494255067
30/03/2017,868,2426,2.125117523
30/03/2017,920,1710,2.754501266
30/03/2017,919,1471,2.9301987
30/03/2017,907,1492,4.230977739
29/04/2017,908,1757,6.507007785
29/04/2017,894,1574,8.903115776
29/04/2017,873,1623,3.896162752
29/04/2017,887,1438,5.679840426
29/04/2017,860,2787,7.023859853
29/04/2017,927,2049,6.982018381
29/04/2017,926,1721,5.07119798
29/04/2017,925,1760,4.647761062
29/04/2017,924,1829,2.124841665
29/04/2017,903,968,4.541210638
29/04/2017,939,2573,5.291838734
29/04/2017,938,1785,5.944417265
29/04/2017,937,1411,5.194722556
29/04/2017,936,1396,3.294614693
29/04/2017,935,1460,2.975802209
29/04/2017,934,1224,3.058029825
29/04/2017,931,1200,3.373327961
29/04/2017,932,1662,3.226488473
29/04/2017,933,1299,3.463323135
29/04/2017,930,1385,2.841997011
29/04/2017,929,1675,2.972386725
29/04/2017,928,1442,3.145816446
29/04/2017,922,1341,3.445599554
29/04/2017,923,1565,3.129891734
29/04/2017,921,1548,5.148090268
29/04/2017,187353,1984,6.988636517
29/04/2017,910,1111,3.483488476
29/04/2017,909,1172,3.398476422
29/04/2017,915,2002,4.100257383
29/04/2017,916,2754,2.469693385
29/04/2017,917,1671,2.292311486
29/04/2017,918,1720,1.3796371
29/04/2017,912,1548,3.80418638
29/04/2017,855,1325,4.494255067
29/04/2017,856,3314,2.497542403
29/04/2017,904,1176,3.729966835
29/04/2017,853,1662,3.998670166
29/04/2017,897,1401,5.240167843
29/04/2017,900,1298,8.22600469
29/04/2017,902,1702,2.811245684
29/04/2017,901,1448,5.43063771
29/04/2017,868,3217,2.125117523
29/04/2017,920,1676,2.754501266
29/04/2017,919,1741,2.9301987
29/04/2017,907,2163,4.230977739
29/04/2017,896,1542,6.542587138
29/04/2017,895,1635,3.120765478
29/04/2017,885,1763,3.667713163
29/04/2017,892,1522,2.923051995
29/04/2017,893,1478,4.73814061
29/04/2017,890,1677,2.918525691
29/04/2017,888,1543,2.431555744
29/04/2017,881,1598,3.308539222
29/04/2017,872,2096,1.107588235
29/04/2017,882,1817,4.026138175
29/04/2017,877,2681,2.508964169
29/04/2017,879,1728,2.710477511
29/04/2017,878,1678,2.163398011
29/04/2017,862,2687,2.52104187
29/04/2017,886,1958,5.030044973
29/04/2017,884,1841,3.042695608
29/04/2017,875,1961,2.297550985
29/04/2017,865,1529,2.24654384
29/04/2017,876,2037,5.326136969
29/04/2017,941,1425,8.838684959
29/04/2017,944,1306,10.92204744
29/04/2017,945,1441,7.274207882
29/04/2017,940,1386,2.374920961
29/04/2017,874,1420,2.441244515
29/04/2017,852,1325,3.344493897
29/04/2017,851,1508,5.074070584
25/05/2017,872,1387,1.107588235
25/05/2017,924,1683,2.124841665
25/05/2017,925,1840,4.647761062
25/05/2017,926,1271,5.07119798
25/05/2017,927,1424,6.982018381
25/05/2017,910,1036,3.483488476
25/05/2017,939,1670,5.291838734
25/05/2017,938,1603,5.944417265
25/05/2017,937,1560,5.194722556
25/05/2017,936,1415,3.294614693
25/05/2017,935,1191,2.975802209
25/05/2017,934,1178,3.058029825
25/05/2017,931,1268,3.373327961
25/05/2017,932,1451,3.226488473
25/05/2017,933,1312,3.463323135
25/05/2017,930,1215,2.841997011
25/05/2017,929,1449,2.972386725
25/05/2017,928,1165,3.145816446
25/05/2017,922,1330,3.445599554
25/05/2017,923,1553,3.129891734
25/05/2017,921,1424,5.148090268
25/05/2017,187353,2045,6.988636517
25/05/2017,909,1048,3.398476422
25/05/2017,915,1616,4.100257383
25/05/2017,916,1926,2.469693385
25/05/2017,917,2182,2.292311486
25/05/2017,918,1956,1.3796371
25/05/2017,912,1295,3.80418638
25/05/2017,903,1069,4.541210638
25/05/2017,855,1137,4.494255067
25/05/2017,856,1424,2.497542403
25/05/2017,904,1119,3.729966835
25/05/2017,853,1244,3.998670166
25/05/2017,906,2245,2.490331305
25/05/2017,898,2280,10.10182421
25/05/2017,881,1775,3.308539222
25/05/2017,882,1501,4.026138175
25/05/2017,897,1170,5.240167843
25/05/2017,900,1139,8.22600469
25/05/2017,902,1272,2.811245684
25/05/2017,901,1538,5.43063771
25/05/2017,919,1413,2.9301987
25/05/2017,896,1400,6.542587138
25/05/2017,895,1575,3.120765478
25/05/2017,868,3512,2.125117523
25/05/2017,860,2883,7.023859853
25/05/2017,907,1795,4.230977739
25/05/2017,920,1918,2.754501266
25/05/2017,887,1516,5.679840426
25/05/2017,886,1421,5.030044973
25/05/2017,865,1200,2.24654384
25/05/2017,941,1375,8.838684959
25/05/2017,944,1342,10.92204744
25/05/2017,945,1238,7.274207882
25/05/2017,940,1442,2.374920961
25/05/2017,852,1356,3.344493897
25/05/2017,851,1152,5.074070584
25/05/2017,908,1726,6.507007785
25/05/2017,894,1270,8.903115776
25/05/2017,892,1322,2.923051995
25/05/2017,890,1299,2.918525691
25/05/2017,888,1646,2.431555744
25/05/2017,893,1377,4.73814061
25/05/2017,873,1595,3.896162752
25/05/2017,877,1753,2.508964169
25/05/2017,879,1425,2.710477511
25/05/2017,878,1382,2.163398011
25/05/2017,862,1543,2.52104187
25/05/2017,863,1438,3.725488777
25/05/2017,885,1359,3.667713163
25/05/2017,884,1594,3.042695608
25/05/2017,875,1362,2.297550985
25/05/2017,876,1632,5.326136969
25/05/2017,874,1648,2.441244515
29/06/2017,904,1046,3.729966835
29/06/2017,856,1479,2.497542403
29/06/2017,855,1096,4.494255067
29/06/2017,912,1418,3.80418638
29/06/2017,918,1474,1.3796371
29/06/2017,917,1274,2.292311486
29/06/2017,916,1592,2.469693385
29/06/2017,915,1379,4.100257383
29/06/2017,909,1149,3.398476422
29/06/2017,910,1084,3.483488476
29/06/2017,187353,1753,6.988636517
29/06/2017,921,1214,5.148090268
29/06/2017,923,1275,3.129891734
29/06/2017,922,1214,3.445599554
29/06/2017,928,1350,3.145816446
29/06/2017,929,1349,2.972386725
29/06/2017,930,1454,2.841997011
29/06/2017,933,1293,3.463323135
29/06/2017,932,1410,3.226488473
29/06/2017,931,1186,3.373327961
29/06/2017,934,1202,3.058029825
29/06/2017,935,1330,2.975802209
29/06/2017,936,1353,3.294614693
29/06/2017,937,1359,5.194722556
29/06/2017,938,1439,5.944417265
29/06/2017,939,1506,5.291838734
29/06/2017,903,950,4.541210638
29/06/2017,924,1303,2.124841665
29/06/2017,925,1403,4.647761062
29/06/2017,926,1095,5.07119798
29/06/2017,927,1531,6.982018381
29/06/2017,888,1219,2.431555744
29/06/2017,890,1279,2.918525691
29/06/2017,892,1250,2.923051995
29/06/2017,894,1127,8.903115776
29/06/2017,895,1173,3.120765478
29/06/2017,896,1264,6.542587138
29/06/2017,907,1661,4.230977739
29/06/2017,919,1260,2.9301987
29/06/2017,920,1536,2.754501266
29/06/2017,868,1403,2.125117523
29/06/2017,901,1247,5.43063771
29/06/2017,902,1291,2.811245684
29/06/2017,900,1129,8.22600469
29/06/2017,897,1093,5.240167843
29/06/2017,898,1915,10.10182421
29/06/2017,906,1430,2.490331305
29/06/2017,853,1178,3.998670166
29/06/2017,860,1643,7.023859853
29/06/2017,893,1101,4.73814061
29/06/2017,884,1214,3.042695608
29/06/2017,886,1378,5.030044973
29/06/2017,887,1204,5.679840426
29/06/2017,873,1367,3.896162752
29/06/2017,885,1404,3.667713163
29/06/2017,908,1410,6.507007785
29/06/2017,851,1096,5.074070584
29/06/2017,852,1235,3.344493897
29/06/2017,874,1154,2.441244515
29/06/2017,940,1146,2.374920961
29/06/2017,945,1198,7.274207882
29/06/2017,944,1172,10.92204744
29/06/2017,941,1270,8.838684959
29/06/2017,865,1442,2.24654384
29/06/2017,876,1134,5.326136969
29/06/2017,875,1254,2.297550985
29/06/2017,863,1287,3.725488777
29/06/2017,862,1284,2.52104187
29/06/2017,878,1248,2.163398011
29/06/2017,879,1174,2.710477511
29/06/2017,877,1126,2.508964169
29/06/2017,882,1348,4.026138175
29/06/2017,872,1401,1.107588235
29/06/2017,881,1457,3.308539222
28/07/2017,920,1536,2.754501266
28/07/2017,907,1309,4.230977739
28/07/2017,851,1146,5.074070584
28/07/2017,874,1051,2.441244515
28/07/2017,940,1438,2.374920961
28/07/2017,944,1161,10.92204744
28/07/2017,941,1215,8.838684959
28/07/2017,865,1296,2.24654384
28/07/2017,876,1255,5.326136969
28/07/2017,875,1140,2.297550985
28/07/2017,884,1184,3.042695608
28/07/2017,886,1129,5.030044973
28/07/2017,887,1270,5.679840426
28/07/2017,893,1177,4.73814061
28/07/2017,885,1342,3.667713163
28/07/2017,882,1232,4.026138175
28/07/2017,872,1493,1.107588235
28/07/2017,881,1298,3.308539222
28/07/2017,888,1216,2.431555744
28/07/2017,890,1186,2.918525691
28/07/2017,892,1207,2.923051995
28/07/2017,894,1156,8.903115776
28/07/2017,895,1281,3.120765478
28/07/2017,868,1403,2.125117523
28/07/2017,900,1313,8.22600469
28/07/2017,897,1047,5.240167843
28/07/2017,904,1230,3.729966835
28/07/2017,856,1229,2.497542403
28/07/2017,912,1157,3.80418638
28/07/2017,918,1468,1.3796371
28/07/2017,917,1252,2.292311486
28/07/2017,916,1243,2.469693385
28/07/2017,915,1251,4.100257383
28/07/2017,909,1088,3.398476422
28/07/2017,910,1134,3.483488476
28/07/2017,187353,1544,6.988636517
28/07/2017,921,1302,5.148090268
28/07/2017,923,1357,3.129891734
28/07/2017,922,1326,3.445599554
28/07/2017,928,1363,3.145816446
28/07/2017,929,1224,2.972386725
28/07/2017,930,1259,2.841997011
28/07/2017,933,1296,3.463323135
28/07/2017,932,1330,3.226488473
28/07/2017,931,1208,3.373327961
28/07/2017,934,1273,3.058029825
28/07/2017,935,1277,2.975802209
28/07/2017,936,1220,3.294614693
28/07/2017,937,1307,5.194722556
28/07/2017,938,1494,5.944417265
28/07/2017,939,1527,5.291838734
28/07/2017,903,1372,4.541210638
28/07/2017,924,1328,2.124841665
28/07/2017,925,1194,4.647761062
28/07/2017,926,1138,5.07119798
28/07/2017,927,1569,6.982018381
28/07/2017,863,1224,3.725488777
28/07/2017,862,1153,2.52104187
28/07/2017,878,1219,2.163398011
28/07/2017,879,1186,2.710477511
28/07/2017,877,1222,2.508964169
29/08/2017,921,1205,5.148090268
29/08/2017,923,1309,3.129891734
29/08/2017,922,1364,3.445599554
29/08/2017,928,1215,3.145816446
29/08/2017,929,1237,2.972386725
29/08/2017,930,1301,2.841997011
29/08/2017,933,1340,3.463323135
29/08/2017,932,1348,3.226488473
29/08/2017,931,1135,3.373327961
29/08/2017,934,1226,3.058029825
29/08/2017,935,1310,2.975802209
29/08/2017,936,1319,3.294614693
29/08/2017,937,1244,5.194722556
29/08/2017,938,1361,5.944417265
29/08/2017,939,1357,5.291838734
29/08/2017,924,1127,2.124841665
29/08/2017,925,1122,4.647761062
29/08/2017,926,1157,5.07119798
29/08/2017,927,1340,6.982018381
29/08/2017,187353,1551,6.988636517
29/08/2017,882,1209,4.026138175
29/08/2017,894,1081,8.903115776
29/08/2017,895,1194,3.120765478
29/08/2017,896,1296,6.542587138
29/08/2017,901,1231,5.43063771
29/08/2017,900,1229,8.22600469
29/08/2017,897,1007,5.240167843
29/08/2017,898,1164,10.10182421
29/08/2017,853,1144,3.998670166
29/08/2017,904,1205,3.729966835
29/08/2017,856,1269,2.497542403
29/08/2017,855,1096,4.494255067
29/08/2017,903,1202,4.541210638
29/08/2017,920,1279,2.754501266
29/08/2017,907,1213,4.230977739
29/08/2017,860,1193,7.023859853
29/08/2017,919,1202,2.9301987
29/08/2017,868,1840,2.125117523
29/08/2017,881,1208,3.308539222
29/08/2017,872,1165,1.107588235
29/08/2017,910,1117,3.483488476
29/08/2017,909,1155,3.398476422
29/08/2017,915,1240,4.100257383
29/08/2017,916,1136,2.469693385
29/08/2017,917,1177,2.292311486
29/08/2017,918,1162,1.3796371
29/08/2017,912,1194,3.80418638
29/08/2017,902,1181,2.811245684
29/08/2017,884,1118,3.042695608
29/08/2017,886,1025,5.030044973
29/08/2017,887,1381,5.679840426
29/08/2017,873,1434,3.896162752
29/08/2017,893,1164,4.73814061
29/08/2017,885,1218,3.667713163
29/08/2017,888,1107,2.431555744
29/08/2017,890,1254,2.918525691
29/08/2017,892,1107,2.923051995
29/08/2017,908,1338,6.507007785
29/08/2017,851,1211,5.074070584
29/08/2017,852,1105,3.344493897
29/08/2017,874,1136,2.441244515
29/08/2017,940,1244,2.374920961
29/08/2017,945,1214,7.274207882
29/08/2017,944,1058,10.92204744
29/08/2017,941,1207,8.838684959
29/08/2017,865,1235,2.24654384
29/08/2017,876,1221,5.326136969
29/08/2017,875,1189,2.297550985
29/08/2017,863,1147,3.725488777
29/08/2017,862,1148,2.52104187
29/08/2017,878,1185,2.163398011
29/08/2017,879,1190,2.710477511
29/08/2017,877,1252,2.508964169
2/10/2017,917,1177,2.292311486
2/10/2017,187353,1790,6.988636517
2/10/2017,921,1394,5.148090268
2/10/2017,916,1455,2.469693385
2/10/2017,915,1394,4.100257383
2/10/2017,909,1194,3.398476422
2/10/2017,910,1126,3.483488476
2/10/2017,851,1337,5.074070584
2/10/2017,852,1268,3.344493897
2/10/2017,940,1261,2.374920961
2/10/2017,945,1361,7.274207882
2/10/2017,944,1358,10.92204744
2/10/2017,941,1464,8.838684959
2/10/2017,884,1258,3.042695608
2/10/2017,886,1305,5.030044973
2/10/2017,887,1360,5.679840426
2/10/2017,873,1746,3.896162752
2/10/2017,893,1225,4.73814061
2/10/2017,885,1288,3.667713163
2/10/2017,888,1340,2.431555744
2/10/2017,890,1298,2.918525691
2/10/2017,892,1262,2.923051995
2/10/2017,908,1520,6.507007785
2/10/2017,874,1208,2.441244515
2/10/2017,865,1387,2.24654384
2/10/2017,876,1170,5.326136969
2/10/2017,875,1322,2.297550985
2/10/2017,883,1262,1.581501563
2/10/2017,863,1448,3.725488777
2/10/2017,862,1221,2.52104187
2/10/2017,878,1224,2.163398011
2/10/2017,879,1481,2.710477511
2/10/2017,877,1323,2.508964169
2/10/2017,881,1400,3.308539222
2/10/2017,856,1276,2.497542403
2/10/2017,872,1473,1.107588235
2/10/2017,882,1300,4.026138175
2/10/2017,912,1266,3.80418638
2/10/2017,918,1299,1.3796371
2/10/2017,923,1557,3.129891734
2/10/2017,922,1332,3.445599554
2/10/2017,928,1465,3.145816446
2/10/2017,929,1417,2.972386725
2/10/2017,930,1347,2.841997011
2/10/2017,933,1351,3.463323135
2/10/2017,932,1603,3.226488473
2/10/2017,931,1389,3.373327961
2/10/2017,934,1522,3.058029825
2/10/2017,935,1586,2.975802209
2/10/2017,936,1716,3.294614693
2/10/2017,937,1676,5.194722556
2/10/2017,938,1655,5.944417265
2/10/2017,939,1629,5.291838734
2/10/2017,924,1368,2.124841665
2/10/2017,925,1261,4.647761062
2/10/2017,926,1069,5.07119798
2/10/2017,927,1488,6.982018381
2/10/2017,920,1652,2.754501266
2/10/2017,907,1253,4.230977739
2/10/2017,894,1255,8.903115776
2/10/2017,919,1253,2.9301987
2/10/2017,868,2270,2.125117523
2/10/2017,904,1299,3.729966835
2/10/2017,855,1330,4.494255067
2/10/2017,903,1236,4.541210638
2/10/2017,902,1483,2.811245684
2/10/2017,895,1482,3.120765478
2/10/2017,896,1432,6.542587138
2/10/2017,901,1447,5.43063771
2/10/2017,900,1377,8.22600469
2/10/2017,897,1298,5.240167843
2/10/2017,898,1541,10.10182421
2/10/2017,905,1467,4.382879075
2/10/2017,906,1746,2.490331305
2/10/2017,853,1645,3.998670166
16/10/2017,851,1449,5.074070584
16/10/2017,856,1424,2.497542403
16/10/2017,862,1242,2.52104187
16/10/2017,863,1565,3.725488777
16/10/2017,865,1326,2.24654384
16/10/2017,872,1677,1.107588235
16/10/2017,874,1231,2.441244515
16/10/2017,875,1217,2.297550985
16/10/2017,876,1206,5.326136969
16/10/2017,877,1579,2.508964169
16/10/2017,878,1344,2.163398011
16/10/2017,879,1652,2.710477511
16/10/2017,882,1416,4.026138175
16/10/2017,883,1155,1.581501563
16/10/2017,884,1284,3.042695608
16/10/2017,885,1300,3.667713163
16/10/2017,886,1363,5.030044973
16/10/2017,887,1803,5.679840426
16/10/2017,888,1200,2.431555744
16/10/2017,890,1531,2.918525691
16/10/2017,892,1354,2.923051995
16/10/2017,893,1174,4.73814061
16/10/2017,915,1455,4.100257383
16/10/2017,918,1388,1.3796371
16/10/2017,917,1368,2.292311486
16/10/2017,916,1443,2.469693385
16/10/2017,881,1420,3.308539222
30/10/2017,882,1324,4.026138175
30/10/2017,881,1620,3.308539222
30/10/2017,856,1244,2.497542403
30/10/2017,855,1130,4.494255067
30/10/2017,912,1240,3.80418638
30/10/2017,918,1386,1.3796371
30/10/2017,917,1274,2.292311486
30/10/2017,916,1600,2.469693385
30/10/2017,915,1567,4.100257383
30/10/2017,909,1220,3.398476422
30/10/2017,910,1096,3.483488476
30/10/2017,187353,1723,6.988636517
30/10/2017,921,1353,5.148090268
30/10/2017,923,1663,3.129891734
30/10/2017,922,1649,3.445599554
30/10/2017,928,1541,3.145816446
30/10/2017,929,1718,2.972386725
30/10/2017,930,1608,2.841997011
30/10/2017,933,1378,3.463323135
30/10/2017,936,1711,3.294614693
30/10/2017,937,1678,5.194722556
30/10/2017,938,1828,5.944417265
30/10/2017,939,1706,5.291838734
30/10/2017,903,1099,4.541210638
30/10/2017,932,1546,3.226488473
30/10/2017,931,1467,3.373327961
30/10/2017,934,1680,3.058029825
30/10/2017,935,1848,2.975802209
30/10/2017,924,1997,2.124841665
30/10/2017,925,1285,4.647761062
30/10/2017,926,1169,5.07119798
30/10/2017,927,1627,6.982018381
30/10/2017,872,1735,1.107588235
30/10/2017,884,1482,3.042695608
30/10/2017,885,1508,3.667713163
30/10/2017,894,1564,8.903115776
30/10/2017,895,1404,3.120765478
30/10/2017,897,1131,5.240167843
30/10/2017,898,1417,10.10182421
30/10/2017,905,1473,4.382879075
30/10/2017,906,1546,2.490331305
30/10/2017,853,1492,3.998670166
30/10/2017,904,1286,3.729966835
30/10/2017,896,1835,6.542587138
30/10/2017,901,1405,5.43063771
30/10/2017,902,1261,2.811245684
30/10/2017,900,1316,8.22600469
30/10/2017,907,1081,4.230977739
30/10/2017,860,1179,7.023859853
30/10/2017,919,1132,2.9301987
30/10/2017,868,1990,2.125117523
30/10/2017,893,1602,4.73814061
30/10/2017,888,1475,2.431555744
30/10/2017,890,1636,2.918525691
30/10/2017,892,1305,2.923051995
30/10/2017,873,1354,3.896162752
30/10/2017,908,1627,6.507007785
30/10/2017,865,1614,2.24654384
30/10/2017,886,1560,5.030044973
30/10/2017,887,1645,5.679840426
30/10/2017,876,1586,5.326136969
30/10/2017,851,1442,5.074070584
30/10/2017,852,1317,3.344493897
30/10/2017,874,1475,2.441244515
30/10/2017,940,1515,2.374920961
30/10/2017,945,1446,7.274207882
30/10/2017,944,1600,10.92204744
30/10/2017,941,1676,8.838684959
30/10/2017,875,1237,2.297550985
30/10/2017,883,1138,1.581501563
30/10/2017,863,1656,3.725488777
30/10/2017,862,1264,2.52104187
30/10/2017,878,1791,2.163398011
30/10/2017,879,1718,2.710477511
30/10/2017,877,1810,2.508964169
30/11/2017,872,1720,1.107588235
30/11/2017,856,1409,2.497542403
30/11/2017,916,1868,2.469693385
30/11/2017,910,1089,3.483488476
30/11/2017,921,1481,5.148090268
30/11/2017,855,1306,4.494255067
30/11/2017,912,1409,3.80418638
30/11/2017,918,1636,1.3796371
30/11/2017,903,1434,4.541210638
30/11/2017,897,1270,5.240167843
30/11/2017,853,1425,3.998670166
30/11/2017,904,1592,3.729966835
30/11/2017,907,1183,4.230977739
30/11/2017,919,1253,2.9301987
30/11/2017,868,1867,2.125117523
30/11/2017,940,1526,2.374920961
30/11/2017,876,1725,5.326136969
30/11/2017,875,1364,2.297550985
30/11/2017,884,1195,3.042695608
30/11/2017,886,1820,5.030044973
30/11/2017,887,2031,5.679840426
30/11/2017,893,1881,4.73814061
30/11/2017,885,1509,3.667713163
30/11/2017,862,1858,2.52104187
30/11/2017,878,1624,2.163398011
30/11/2017,879,1726,2.710477511
30/11/2017,888,1993,2.431555744
30/11/2017,892,1417,2.923051995
30/11/2017,877,1404,2.508964169
30/11/2017,851,1300,5.074070584
30/11/2017,945,1420,7.274207882
3/01/2018,918,2135,1.3796371
3/01/2018,912,1946,3.80418638
3/01/2018,917,1766,2.292311486
3/01/2018,909,1473,3.398476422
3/01/2018,916,2067,2.469693385
3/01/2018,910,1285,3.483488476
3/01/2018,921,2087,5.148090268
3/01/2018,926,1436,5.07119798
3/01/2018,855,1884,4.494255067
3/01/2018,903,2013,4.541210638
3/01/2018,907,1622,4.230977739
3/01/2018,919,1564,2.9301987
3/01/2018,920,1918,2.754501266
3/01/2018,897,1837,5.240167843
3/01/2018,853,1926,3.998670166
3/01/2018,904,1543,3.729966835
3/01/2018,860,1746,7.023859853
3/01/2018,872,2293,1.107588235
3/01/2018,880,1666,2.215764453
3/01/2018,888,1526,2.431555744
3/01/2018,889,1810,3.555629809
3/01/2018,891,2515,3.058411991
3/01/2018,890,2167,2.918525691
3/01/2018,886,2220,5.030044973
3/01/2018,887,1910,5.679840426
3/01/2018,893,2658,4.73814061
3/01/2018,876,2513,5.326136969
3/01/2018,883,1486,1.581501563
3/01/2018,875,2283,2.297550985
3/01/2018,885,1496,3.667713163
3/01/2018,862,1796,2.52104187
3/01/2018,878,1933,2.163398011
3/01/2018,879,1857,2.710477511
3/01/2018,877,1469,2.508964169
